,collaborative,description,external_urls,href,id,images,name,owner,primary_color,public,snapshot_id,tracks,type,uri
0,False,,{'spotify': 'https://open.spotify.com/playlist/0IgWiMRWoSFtYVzRhzafcb'},https://api.spotify.com/v1/playlists/0IgWiMRWoSFtYVzRhzafcb,0IgWiMRWoSFtYVzRhzafcb,"[{'height': 640, 'url': 'https://mosaic.scdn.co/640/ab67616d0000b2732356287844a9caa378291699ab67616d0000b2732541614ba5551322c8a1a478ab67616d0000b27381b6285a16a514257830d9f8ab67616d0000b273aee755dc2de452fcce8890ca', 'width': 640}, {'height': 300, 'url': 'https://mosaic.scdn.co/300/ab67616d0000b2732356287844a9caa378291699ab67616d0000b2732541614ba5551322c8a1a478ab67616d0000b27381b6285a16a514257830d9f8ab67616d0000b273aee755dc2de452fcce8890ca', 'width': 300}, {'height': 60, 'url': 'https://mosaic.scdn.co/60/ab67616d0000b2732356287844a9caa378291699ab67616d0000b2732541614ba5551322c8a1a478ab67616d0000b27381b6285a16a514257830d9f8ab67616d0000b273aee755dc2de452fcce8890ca', 'width': 60}]",Scene Kid Days,"{'display_name': '1243411960', 'external_urls': {'spotify': 'https://open.spotify.com/user/1243411960'}, 'href': 'https://api.spotify.com/v1/users/1243411960', 'id': '1243411960', 'type': 'user', 'uri': 'spotify:user:1243411960'}",,False,NjEyLGYwZGRlMTBjNWJiNTRlMDNmMTY5YTY4ZGI0OTM1NzE5OTc2Mjc3OWM=,"{'href': 'https://api.spotify.com/v1/playlists/0IgWiMRWoSFtYVzRhzafcb/tracks', 'total': 694}",playlist,spotify:playlist:0IgWiMRWoSFtYVzRhzafcb
1,False,"A collection of the best Deathcore tracks around, mixing classics, recent and fresh new tracks. Cover: Fit For An Autopsy",{'spotify': 'https://open.spotify.com/playlist/37i9dQZF1DX1cJWWyylDuw'},https://api.spotify.com/v1/playlists/37i9dQZF1DX1cJWWyylDuw,37i9dQZF1DX1cJWWyylDuw,"[{'height': None, 'url': 'https://i.scdn.co/image/ab67706f00000002a0fcd8796812e623e31f0368', 'width': None}]",Deathcore,"{'display_name': 'Spotify', 'external_urls': {'spotify': 'https://open.spotify.com/user/spotify'}, 'href': 'https://api.spotify.com/v1/users/spotify', 'id': 'spotify', 'type': 'user', 'uri': 'spotify:user:spotify'}",,False,MTU4NjY5MTk4MiwwMDAwMDAwMGQ0MWQ4Y2Q5OGYwMGIyMDRlOTgwMDk5OGVjZjg0Mjdl,"{'href': 'https://api.spotify.com/v1/playlists/37i9dQZF1DX1cJWWyylDuw/tracks', 'total': 70}",playlist,spotify:playlist:37i9dQZF1DX1cJWWyylDuw
2,False,,{'spotify': 'https://open.spotify.com/playlist/5Xj4ZDGTX8FxUNVU1Swe1V'},https://api.spotify.com/v1/playlists/5Xj4ZDGTX8FxUNVU1Swe1V,5Xj4ZDGTX8FxUNVU1Swe1V,"[{'height': 640, 'url': 'https://mosaic.scdn.co/640/ab67616d0000b2732abc2d86a442efb6cc631d0aab67616d0000b2733ac318439ae56ce048d7bf5dab67616d0000b2733bfeed5916a64f63b4e25ce2ab67616d0000b2739e1e7df555e967f78cd2b993', 'width': 640}, {'height': 300, 'url': 'https://mosaic.scdn.co/300/ab67616d0000b2732abc2d86a442efb6cc631d0aab67616d0000b2733ac318439ae56ce048d7bf5dab67616d0000b2733bfeed5916a64f63b4e25ce2ab67616d0000b2739e1e7df555e967f78cd2b993', 'width': 300}, {'height': 60, 'url': 'https://mosaic.scdn.co/60/ab67616d0000b2732abc2d86a442efb6cc631d0aab67616d0000b2733ac318439ae56ce048d7bf5dab67616d0000b2733bfeed5916a64f63b4e25ce2ab67616d0000b2739e1e7df555e967f78cd2b993', 'width': 60}]",quarantine,"{'display_name': 'Kiefer Smith', 'external_urls': {'spotify': 'https://open.spotify.com/user/124528315'}, 'href': 'https://api.spotify.com/v1/users/124528315', 'id': '124528315', 'type': 'user', 'uri': 'spotify:user:124528315'}",,False,NyxkOTQxYzIyMTNhYWIyZDYzMzA1MGVjZWIzZDE5YWQ0YmE4OTQ2ZTJk,"{'href': 'https://api.spotify.com/v1/playlists/5Xj4ZDGTX8FxUNVU1Swe1V/tracks', 'total': 6}",playlist,spotify:playlist:5Xj4ZDGTX8FxUNVU1Swe1V
3,False,,{'spotify': 'https://open.spotify.com/playlist/652yWCvEHj6r4sT2HOSHlx'},https://api.spotify.com/v1/playlists/652yWCvEHj6r4sT2HOSHlx,652yWCvEHj6r4sT2HOSHlx,"[{'height': 640, 'url': 'https://mosaic.scdn.co/640/ab67616d0000b2732abc2d86a442efb6cc631d0aab67616d0000b27384e08aa87d13451531e72274ab67616d0000b273af07dc851962508661bbcfceab67616d0000b273e02589301e7f4b222312bed0', 'width': 640}, {'height': 300, 'url': 'https://mosaic.scdn.co/300/ab67616d0000b2732abc2d86a442efb6cc631d0aab67616d0000b27384e08aa87d13451531e72274ab67616d0000b273af07dc851962508661bbcfceab67616d0000b273e02589301e7f4b222312bed0', 'width': 300}, {'height': 60, 'url': 'https://mosaic.scdn.co/60/ab67616d0000b2732abc2d86a442efb6cc631d0aab67616d0000b27384e08aa87d13451531e72274ab67616d0000b273af07dc851962508661bbcfceab67616d0000b273e02589301e7f4b222312bed0', 'width': 60}]",guitar,"{'display_name': 'Kiefer Smith', 'external_urls': {'spotify': 'https://open.spotify.com/user/124528315'}, 'href': 'https://api.spotify.com/v1/users/124528315', 'id': '124528315', 'type': 'user', 'uri': 'spotify:user:124528315'}",,False,MTAsMjc3ZjljMmZlMjY4YTQyMjZhZmM5MzgwZTUyMzZjYjI3NDk5Zjg4Mg==,"{'href': 'https://api.spotify.com/v1/playlists/652yWCvEHj6r4sT2HOSHlx/tracks', 'total': 9}",playlist,spotify:playlist:652yWCvEHj6r4sT2HOSHlx
4,False,,{'spotify': 'https://open.spotify.com/playlist/4EGaGQDfS18haNZv0eeOIP'},https://api.spotify.com/v1/playlists/4EGaGQDfS18haNZv0eeOIP,4EGaGQDfS18haNZv0eeOIP,"[{'height': 640, 'url': 'https://i.scdn.co/image/ab67616d0000b273bed3cf6d90e79aa317f69705', 'width': 640}]",prettyMetal,"{'display_name': 'Kiefer Smith', 'external_urls': {'spotify': 'https://open.spotify.com/user/124528315'}, 'href': 'https://api.spotify.com/v1/users/124528315', 'id': '124528315', 'type': 'user', 'uri': 'spotify:user:124528315'}",,False,NSwzZWJmMTI0MDZhYjgzNjIwYjZmMTRjOWNmMjk3YzE2MTIwMzk0YzFm,"{'href': 'https://api.spotify.com/v1/playlists/4EGaGQDfS18haNZv0eeOIP/tracks', 'total': 4}",playlist,spotify:playlist:4EGaGQDfS18haNZv0eeOIP
5,False,,{'spotify': 'https://open.spotify.com/playlist/61cM0qS0fC8U1kQU6zCKe6'},https://api.spotify.com/v1/playlists/61cM0qS0fC8U1kQU6zCKe6,61cM0qS0fC8U1kQU6zCKe6,"[{'height': 640, 'url': 'https://mosaic.scdn.co/640/ab67616d0000b2731d920c694d4c6e3c9db68630ab67616d0000b27345a33b7ce5301df92da9268dab67616d0000b273a8d74e789b99484e0e169001ab67616d0000b273e4d788e99eabbc369179072d', 'width': 640}, {'height': 300, 'url': 'https://mosaic.scdn.co/300/ab67616d0000b2731d920c694d4c6e3c9db68630ab67616d0000b27345a33b7ce5301df92da9268dab67616d0000b273a8d74e789b99484e0e169001ab67616d0000b273e4d788e99eabbc369179072d', 'width': 300}, {'height': 60, 'url': 'https://mosaic.scdn.co/60/ab67616d0000b2731d920c694d4c6e3c9db68630ab67616d0000b27345a33b7ce5301df92da9268dab67616d0000b273a8d74e789b99484e0e169001ab67616d0000b273e4d788e99eabbc369179072d', 'width': 60}]",paste,"{'display_name': 'Kiefer Smith', 'external_urls': {'spotify': 'https://open.spotify.com/user/124528315'}, 'href': 'https://api.spotify.com/v1/users/124528315', 'id': '124528315', 'type': 'user', 'uri': 'spotify:user:124528315'}",,False,MTMsODJlZjY5NjA4YTcyMmVkMmE2ODM2ZGQ0YTdiMjdiNWNhNjU0YTc0ZA==,"{'href': 'https://api.spotify.com/v1/playlists/61cM0qS0fC8U1kQU6zCKe6/tracks', 'total': 8}",playlist,spotify:playlist:61cM0qS0fC8U1kQU6zCKe6
6,False,,{'spotify': 'https://open.spotify.com/playlist/2KvkYCM8mRfR42xQBBcTt5'},https://api.spotify.com/v1/playlists/2KvkYCM8mRfR42xQBBcTt5,2KvkYCM8mRfR42xQBBcTt5,"[{'height': 640, 'url': 'https://mosaic.scdn.co/640/ab67616d0000b273288d32d88a616b9a278ddc07ab67616d0000b2736f1450f3ec5dd82455f266b1ab67616d0000b2736fda96b0954b958ee44c8efcab67616d0000b2738d8c9e9a42a436cb5718382c', 'width': 640}, {'height': 300, 'url': 'https://mosaic.scdn.co/300/ab67616d0000b273288d32d88a616b9a278ddc07ab67616d0000b2736f1450f3ec5dd82455f266b1ab67616d0000b2736fda96b0954b958ee44c8efcab67616d0000b2738d8c9e9a42a436cb5718382c', 'width': 300}, {'height': 60, 'url': 'https://mosaic.scdn.co/60/ab67616d0000b273288d32d88a616b9a278ddc07ab67616d0000b2736f1450f3ec5dd82455f266b1ab67616d0000b2736fda96b0954b958ee44c8efcab67616d0000b2738d8c9e9a42a436cb5718382c', 'width': 60}]",somber,"{'display_name': 'Kiefer Smith', 'external_urls': {'spotify': 'https://open.spotify.com/user/124528315'}, 'href': 'https://api.spotify.com/v1/users/124528315', 'id': '124528315', 'type': 'user', 'uri': 'spotify:user:124528315'}",,False,NyxmYTIxMzAyNTAxNTVlZDQxNWRlODYyZDYzNjRjOGUxMDNiZmYzZGVh,"{'href': 'https://api.spotify.com/v1/playlists/2KvkYCM8mRfR42xQBBcTt5/tracks', 'total': 4}",playlist,spotify:playlist:2KvkYCM8mRfR42xQBBcTt5
7,False,,{'spotify': 'https://open.spotify.com/playlist/3BNZnzbC9yDofp0l3PgqKQ'},https://api.spotify.com/v1/playlists/3BNZnzbC9yDofp0l3PgqKQ,3BNZnzbC9yDofp0l3PgqKQ,"[{'height': 640, 'url': 'https://mosaic.scdn.co/640/ab67616d0000b2738b89acd4e16b979e0c9c12f1ab67616d0000b2738fbc456a5201b54156f45240ab67616d0000b273af449bb256032068fb2cdb4aab67616d0000b273c62a59597d2b3ea5b51026b0', 'width': 640}, {'height': 300, 'url': 'https://mosaic.scdn.co/300/ab67616d0000b2738b89acd4e16b979e0c9c12f1ab67616d0000b2738fbc456a5201b54156f45240ab67616d0000b273af449bb256032068fb2cdb4aab67616d0000b273c62a59597d2b3ea5b51026b0', 'width': 300}, {'height': 60, 'url': 'https://mosaic.scdn.co/60/ab67616d0000b2738b89acd4e16b979e0c9c12f1ab67616d0000b2738fbc456a5201b54156f45240ab67616d0000b273af449bb256032068fb2cdb4aab67616d0000b273c62a59597d2b3ea5b51026b0', 'width': 60}]",classical,"{'display_name': 'Kiefer Smith', 'external_urls': {'spotify': 'https://open.spotify.com/user/124528315'}, 'href': 'https://api.spotify.com/v1/users/124528315', 'id': '124528315', 'type': 'user', 'uri': 'spotify:user:124528315'}",,False,Niw4NTUwNjQzZGU2MmU5NThjNjM4YWQ0ZDBlNjUxNjI5NmEwODE5MzI4,"{'href': 'https://api.spotify.com/v1/playlists/3BNZnzbC9yDofp0l3PgqKQ/tracks', 'total': 4}",playlist,spotify:playlist:3BNZnzbC9yDofp0l3PgqKQ
8,False,Long live the spirit of the rave in this incredible list of EDM throwbacks. Cover: Calvin Harris #SpotifyTBT,{'spotify': 'https://open.spotify.com/playlist/37i9dQZF1DWWwaxRea1LWS'},https://api.spotify.com/v1/playlists/37i9dQZF1DWWwaxRea1LWS,37i9dQZF1DWWwaxRea1LWS,"[{'height': None, 'url': 'https://i.scdn.co/image/ab67706f000000023fbf69915970587de5a6f508', 'width': None}]",#ThrowbackThursday,"{'display_name': 'Spotify', 'external_urls': {'spotify': 'https://open.spotify.com/user/spotify'}, 'href': 'https://api.spotify.com/v1/users/spotify', 'id': 'spotify', 'type': 'user', 'uri': 'spotify:user:spotify'}",,False,MTU4NjUyNTg2OSwwMDAwMDExNjAwMDAwMTcxNjQ0Zjk0NTQwMDAwMDE3MTU2NmQ1NTg4,"{'href': 'https://api.spotify.com/v1/playlists/37i9dQZF1DWWwaxRea1LWS/tracks', 'total': 86}",playlist,spotify:playlist:37i9dQZF1DWWwaxRea1LWS
9,False,,{'spotify': 'https://open.spotify.com/playlist/6BkeZSTvXmZHPb1YLFLNvf'},https://api.spotify.com/v1/playlists/6BkeZSTvXmZHPb1YLFLNvf,6BkeZSTvXmZHPb1YLFLNvf,"[{'height': 640, 'url': 'https://mosaic.scdn.co/640/ab67616d0000b27309e2f5817b7c7db07afa640bab67616d0000b27366e89ada56c2528d57ad078aab67616d0000b273a54f2b401501b3569990c256ab67616d0000b273aeff521b41b9010acf3c36f8', 'width': 640}, {'height': 300, 'url': 'https://mosaic.scdn.co/300/ab67616d0000b27309e2f5817b7c7db07afa640bab67616d0000b27366e89ada56c2528d57ad078aab67616d0000b273a54f2b401501b3569990c256ab67616d0000b273aeff521b41b9010acf3c36f8', 'width': 300}, {'height': 60, 'url': 'https://mosaic.scdn.co/60/ab67616d0000b27309e2f5817b7c7db07afa640bab67616d0000b27366e89ada56c2528d57ad078aab67616d0000b273a54f2b401501b3569990c256ab67616d0000b273aeff521b41b9010acf3c36f8', 'width': 60}]",mist,"{'display_name': 'Kiefer Smith', 'external_urls': {'spotify': 'https://open.spotify.com/user/124528315'}, 'href': 'https://api.spotify.com/v1/users/124528315', 'id': '124528315', 'type': 'user', 'uri': 'spotify:user:124528315'}",,True,NDYsNGI1NTEzMDNkNmYwNzQ5OWMyNjQ5NzJhZDlkZTBjOTg5NDU2NGVhZA==,"{'href': 'https://api.spotify.com/v1/playlists/6BkeZSTvXmZHPb1YLFLNvf/tracks', 'total': 40}",playlist,spotify:playlist:6BkeZSTvXmZHPb1YLFLNvf
10,False,,{'spotify': 'https://open.spotify.com/playlist/0HOAZ3wynz1bSDywxFM1Z7'},https://api.spotify.com/v1/playlists/0HOAZ3wynz1bSDywxFM1Z7,0HOAZ3wynz1bSDywxFM1Z7,"[{'height': 640, 'url': 'https://i.scdn.co/image/ab67616d0000b2735306ed42ae78f317258c51bb', 'width': 640}]",feel all right,"{'display_name': 'Kiefer Smith', 'external_urls': {'spotify': 'https://open.spotify.com/user/124528315'}, 'href': 'https://api.spotify.com/v1/users/124528315', 'id': '124528315', 'type': 'user', 'uri': 'spotify:user:124528315'}",,False,NCw1ZGZhYThmZTI3ZjVhYmIxZTFlN2Q5YmYwNDFmOTUwMTc2ODBlM2Jh,"{'href': 'https://api.spotify.com/v1/playlists/0HOAZ3wynz1bSDywxFM1Z7/tracks', 'total': 3}",playlist,spotify:playlist:0HOAZ3wynz1bSDywxFM1Z7
11,False,,{'spotify': 'https://open.spotify.com/playlist/3GSnrlFHVv7PYkdx2OFH1c'},https://api.spotify.com/v1/playlists/3GSnrlFHVv7PYkdx2OFH1c,3GSnrlFHVv7PYkdx2OFH1c,"[{'height': 640, 'url': 'https://mosaic.scdn.co/640/ab67616d0000b27311f5197633832033f1e26e99ab67616d0000b273bd3d9423276632503a95516dab67616d0000b273d5864de4a3eda4920e9a2ebfab67616d0000b273e3177cf995c7514bedaaa53a', 'width': 640}, {'height': 300, 'url': 'https://mosaic.scdn.co/300/ab67616d0000b27311f5197633832033f1e26e99ab67616d0000b273bd3d9423276632503a95516dab67616d0000b273d5864de4a3eda4920e9a2ebfab67616d0000b273e3177cf995c7514bedaaa53a', 'width': 300}, {'height': 60, 'url': 'https://mosaic.scdn.co/60/ab67616d0000b27311f5197633832033f1e26e99ab67616d0000b273bd3d9423276632503a95516dab67616d0000b273d5864de4a3eda4920e9a2ebfab67616d0000b273e3177cf995c7514bedaaa53a', 'width': 60}]",dead,"{'display_name': 'Kiefer Smith', 'external_urls': {'spotify': 'https://open.spotify.com/user/124528315'}, 'href': 'https://api.spotify.com/v1/users/124528315', 'id': '124528315', 'type': 'user', 'uri': 'spotify:user:124528315'}",,True,NjMsNDc5MDcwZjViZjBhNTJkNzk0NmMxNTAyMThjOTQ4Y2MzYThlYmE5MA==,"{'href': 'https://api.spotify.com/v1/playlists/3GSnrlFHVv7PYkdx2OFH1c/tracks', 'total': 60}",playlist,spotify:playlist:3GSnrlFHVv7PYkdx2OFH1c
12,False,"The songs you loved most this year, all wrapped up.",{'spotify': 'https://open.spotify.com/playlist/37i9dQZF1Et9ummfs5VsNR'},https://api.spotify.com/v1/playlists/37i9dQZF1Et9ummfs5VsNR,37i9dQZF1Et9ummfs5VsNR,"[{'height': None, 'url': 'https://lineup-images.scdn.co/your-top-songs-2019_DEFAULT-en.jpg', 'width': None}]",Your Top Songs 2019,"{'display_name': 'Spotify', 'external_urls': {'spotify': 'https://open.spotify.com/user/spotify'}, 'href': 'https://api.spotify.com/v1/users/spotify', 'id': 'spotify', 'type': 'user', 'uri': 'spotify:user:spotify'}",,False,MjYyNjk4MzgsMDAwMDAwMDA0ZDBlYTg3ODIzOTQ1MWJkNTU5YjdiMWRmODQzOWM5MA==,"{'href': 'https://api.spotify.com/v1/playlists/37i9dQZF1Et9ummfs5VsNR/tracks', 'total': 100}",playlist,spotify:playlist:37i9dQZF1Et9ummfs5VsNR
13,False,,{'spotify': 'https://open.spotify.com/playlist/2XkoGLhoBnPJIAy5LtaRlg'},https://api.spotify.com/v1/playlists/2XkoGLhoBnPJIAy5LtaRlg,2XkoGLhoBnPJIAy5LtaRlg,"[{'height': 640, 'url': 'https://mosaic.scdn.co/640/ab67616d0000b27368ccebb15757ede5bb7b642bab67616d0000b2736d5a82a2fe8bfb0bf68a7295ab67616d0000b273cf4afc526b5ec5ed05973aedab67616d0000b273f5d0d4a56776be206133cd89', 'width': 640}, {'height': 300, 'url': 'https://mosaic.scdn.co/300/ab67616d0000b27368ccebb15757ede5bb7b642bab67616d0000b2736d5a82a2fe8bfb0bf68a7295ab67616d0000b273cf4afc526b5ec5ed05973aedab67616d0000b273f5d0d4a56776be206133cd89', 'width': 300}, {'height': 60, 'url': 'https://mosaic.scdn.co/60/ab67616d0000b27368ccebb15757ede5bb7b642bab67616d0000b2736d5a82a2fe8bfb0bf68a7295ab67616d0000b273cf4afc526b5ec5ed05973aedab67616d0000b273f5d0d4a56776be206133cd89', 'width': 60}]",Apocalypse,"{'display_name': 'PlaylisterBR2', 'external_urls': {'spotify': 'https://open.spotify.com/user/nl148xya6odttnx1x2von0yob'}, 'href': 'https://api.spotify.com/v1/users/nl148xya6odttnx1x2von0yob', 'id': 'nl148xya6odttnx1x2von0yob', 'type': 'user', 'uri': 'spotify:user:nl148xya6odttnx1x2von0yob'}",,False,NTcsOTc3N2FmMTA1YjllY2VjMTZjN2UwZGM4OTE3MTM1ZWMxYzU2Y2IxMw==,"{'href': 'https://api.spotify.com/v1/playlists/2XkoGLhoBnPJIAy5LtaRlg/tracks', 'total': 55}",playlist,spotify:playlist:2XkoGLhoBnPJIAy5LtaRlg
14,False,,{'spotify': 'https://open.spotify.com/playlist/4Xf2vRCV9m1tpuCnYLpO6i'},https://api.spotify.com/v1/playlists/4Xf2vRCV9m1tpuCnYLpO6i,4Xf2vRCV9m1tpuCnYLpO6i,"[{'height': 640, 'url': 'https://mosaic.scdn.co/640/ab67616d0000b27374fad40214d982351347e46eab67616d0000b2737db048b350136b3116ad02d4ab67616d0000b27395d1d98c5176e4f982bd73d6ab67616d0000b273f9a205a1a377506ff51b1a25', 'width': 640}, {'height': 300, 'url': 'https://mosaic.scdn.co/300/ab67616d0000b27374fad40214d982351347e46eab67616d0000b2737db048b350136b3116ad02d4ab67616d0000b27395d1d98c5176e4f982bd73d6ab67616d0000b273f9a205a1a377506ff51b1a25', 'width': 300}, {'height': 60, 'url': 'https://mosaic.scdn.co/60/ab67616d0000b27374fad40214d982351347e46eab67616d0000b2737db048b350136b3116ad02d4ab67616d0000b27395d1d98c5176e4f982bd73d6ab67616d0000b273f9a205a1a377506ff51b1a25', 'width': 60}]",some kinda emo,"{'display_name': 'Kiefer Smith', 'external_urls': {'spotify': 'https://open.spotify.com/user/124528315'}, 'href': 'https://api.spotify.com/v1/users/124528315', 'id': '124528315', 'type': 'user', 'uri': 'spotify:user:124528315'}",,False,MTgsN2EzODk1ODQwYjE4OTkyNjBmMDhiYWQxNGVkNzI0ZDQ1NWNhNjcxYw==,"{'href': 'https://api.spotify.com/v1/playlists/4Xf2vRCV9m1tpuCnYLpO6i/tracks', 'total': 17}",playlist,spotify:playlist:4Xf2vRCV9m1tpuCnYLpO6i
15,False,rock for the less melancholy fall vibes ,{'spotify': 'https://open.spotify.com/playlist/23LvWs3Dfg8NpOZ64QtAP2'},https://api.spotify.com/v1/playlists/23LvWs3Dfg8NpOZ64QtAP2,23LvWs3Dfg8NpOZ64QtAP2,"[{'height': None, 'url': 'https://i.scdn.co/image/ab67706c0000da840b8826d872cf13a14c195283', 'width': None}]",autumn's fire ,"{'display_name': 'Devin Badgett', 'external_urls': {'spotify': 'https://open.spotify.com/user/devinbadgett'}, 'href': 'https://api.spotify.com/v1/users/devinbadgett', 'id': 'devinbadgett', 'type': 'user', 'uri': 'spotify:user:devinbadgett'}",,False,NTAsZDNjN2JjYzBmZDk1NTY5YjBkYzU5ZGY0YTM2NWY5NjdhNzk4ZjM0Yw==,"{'href': 'https://api.spotify.com/v1/playlists/23LvWs3Dfg8NpOZ64QtAP2/tracks', 'total': 35}",playlist,spotify:playlist:23LvWs3Dfg8NpOZ64QtAP2
16,False,,{'spotify': 'https://open.spotify.com/playlist/1kBSjCdBOaeGghLJ7tKKiZ'},https://api.spotify.com/v1/playlists/1kBSjCdBOaeGghLJ7tKKiZ,1kBSjCdBOaeGghLJ7tKKiZ,"[{'height': 640, 'url': 'https://mosaic.scdn.co/640/ab67616d0000b2735574c35e7bc155a033da3074ab67616d0000b273d09f96d82310d4d77c14c108ab67616d0000b273eb033051c036f59bc47cf2b0ab67616d0000b273f4399e4f508e5ed1aea03b5f', 'width': 640}, {'height': 300, 'url': 'https://mosaic.scdn.co/300/ab67616d0000b2735574c35e7bc155a033da3074ab67616d0000b273d09f96d82310d4d77c14c108ab67616d0000b273eb033051c036f59bc47cf2b0ab67616d0000b273f4399e4f508e5ed1aea03b5f', 'width': 300}, {'height': 60, 'url': 'https://mosaic.scdn.co/60/ab67616d0000b2735574c35e7bc155a033da3074ab67616d0000b273d09f96d82310d4d77c14c108ab67616d0000b273eb033051c036f59bc47cf2b0ab67616d0000b273f4399e4f508e5ed1aea03b5f', 'width': 60}]","time2dance, bitches","{'display_name': 'Kiefer Smith', 'external_urls': {'spotify': 'https://open.spotify.com/user/124528315'}, 'href': 'https://api.spotify.com/v1/users/124528315', 'id': '124528315', 'type': 'user', 'uri': 'spotify:user:124528315'}",,False,MTksNjYwODk3MjE3MzcyYjM0MzFlMjA2NzFmM2ExNTQ2MTNhNGI0OGEwZQ==,"{'href': 'https://api.spotify.com/v1/playlists/1kBSjCdBOaeGghLJ7tKKiZ/tracks', 'total': 17}",playlist,spotify:playlist:1kBSjCdBOaeGghLJ7tKKiZ
17,False,,{'spotify': 'https://open.spotify.com/playlist/4qytnQosufdEbRzY6N3TaZ'},https://api.spotify.com/v1/playlists/4qytnQosufdEbRzY6N3TaZ,4qytnQosufdEbRzY6N3TaZ,"[{'height': 640, 'url': 'https://mosaic.scdn.co/640/ab67616d0000b27311515e87e0001996f6ab35e3ab67616d0000b27311b3df35e2e46d91f585afd9ab67616d0000b27368229d126692934de0154692ab67616d0000b2737da53b49b2eb7b7a695d9cca', 'width': 640}, {'height': 300, 'url': 'https://mosaic.scdn.co/300/ab67616d0000b27311515e87e0001996f6ab35e3ab67616d0000b27311b3df35e2e46d91f585afd9ab67616d0000b27368229d126692934de0154692ab67616d0000b2737da53b49b2eb7b7a695d9cca', 'width': 300}, {'height': 60, 'url': 'https://mosaic.scdn.co/60/ab67616d0000b27311515e87e0001996f6ab35e3ab67616d0000b27311b3df35e2e46d91f585afd9ab67616d0000b27368229d126692934de0154692ab67616d0000b2737da53b49b2eb7b7a695d9cca', 'width': 60}]",beach,"{'display_name': 'Kiefer Smith', 'external_urls': {'spotify': 'https://open.spotify.com/user/124528315'}, 'href': 'https://api.spotify.com/v1/users/124528315', 'id': '124528315', 'type': 'user', 'uri': 'spotify:user:124528315'}",,False,MTUsMzVmNTk3NjZkYmFlNjYwMWIyMTBiZmVlYTNmMTRkYjhkNGJhZTNkMA==,"{'href': 'https://api.spotify.com/v1/playlists/4qytnQosufdEbRzY6N3TaZ/tracks', 'total': 14}",playlist,spotify:playlist:4qytnQosufdEbRzY6N3TaZ
18,False,,{'spotify': 'https://open.spotify.com/playlist/5x8EsV84V9eZJAdvRjJQMB'},https://api.spotify.com/v1/playlists/5x8EsV84V9eZJAdvRjJQMB,5x8EsV84V9eZJAdvRjJQMB,"[{'height': 640, 'url': 'https://mosaic.scdn.co/640/ab67616d0000b2730477dd8444fff100e43d2f58ab67616d0000b27352e2ea7981215770a156eab2ab67616d0000b2739b16ec18ad61e7f93112cf56ab67616d0000b273b0882eb6fe065097692c1d1a', 'width': 640}, {'height': 300, 'url': 'https://mosaic.scdn.co/300/ab67616d0000b2730477dd8444fff100e43d2f58ab67616d0000b27352e2ea7981215770a156eab2ab67616d0000b2739b16ec18ad61e7f93112cf56ab67616d0000b273b0882eb6fe065097692c1d1a', 'width': 300}, {'height': 60, 'url': 'https://mosaic.scdn.co/60/ab67616d0000b2730477dd8444fff100e43d2f58ab67616d0000b27352e2ea7981215770a156eab2ab67616d0000b2739b16ec18ad61e7f93112cf56ab67616d0000b273b0882eb6fe065097692c1d1a', 'width': 60}]",Good Disease,"{'display_name': 'Kiefer Smith', 'external_urls': {'spotify': 'https://open.spotify.com/user/124528315'}, 'href': 'https://api.spotify.com/v1/users/124528315', 'id': '124528315', 'type': 'user', 'uri': 'spotify:user:124528315'}",,False,OSw5ZDIzODEwMzMzYWQzYTI3MDI3MDI3NDVlNjVmMDgyNThkZTlkZGM1,"{'href': 'https://api.spotify.com/v1/playlists/5x8EsV84V9eZJAdvRjJQMB/tracks', 'total': 6}",playlist,spotify:playlist:5x8EsV84V9eZJAdvRjJQMB
19,False,,{'spotify': 'https://open.spotify.com/playlist/2GAYlBZSvwg4LIv7TXZxYB'},https://api.spotify.com/v1/playlists/2GAYlBZSvwg4LIv7TXZxYB,2GAYlBZSvwg4LIv7TXZxYB,"[{'height': 640, 'url': 'https://mosaic.scdn.co/640/ab67616d0000b2737d2055190ae60ffa4c74d13cab67616d0000b273820d2376b2fb84aa99823903ab67616d0000b2738b661bd40fbd8c6fbb26e3dfab67616d0000b273dbcfeefa73330cc4b762fdf8', 'width': 640}, {'height': 300, 'url': 'https://mosaic.scdn.co/300/ab67616d0000b2737d2055190ae60ffa4c74d13cab67616d0000b273820d2376b2fb84aa99823903ab67616d0000b2738b661bd40fbd8c6fbb26e3dfab67616d0000b273dbcfeefa73330cc4b762fdf8', 'width': 300}, {'height': 60, 'url': 'https://mosaic.scdn.co/60/ab67616d0000b2737d2055190ae60ffa4c74d13cab67616d0000b273820d2376b2fb84aa99823903ab67616d0000b2738b661bd40fbd8c6fbb26e3dfab67616d0000b273dbcfeefa73330cc4b762fdf8', 'width': 60}]",dads like music too,"{'display_name': 'Kiefer Smith', 'external_urls': {'spotify': 'https://open.spotify.com/user/124528315'}, 'href': 'https://api.spotify.com/v1/users/124528315', 'id': '124528315', 'type': 'user', 'uri': 'spotify:user:124528315'}",,False,MTQsYmU0ZWQ4NmQwZGQ4OWY5MjIxNDgxNDI5ZjEyOTU3ZTMyYTkzMGJiOA==,"{'href': 'https://api.spotify.com/v1/playlists/2GAYlBZSvwg4LIv7TXZxYB/tracks', 'total': 13}",playlist,spotify:playlist:2GAYlBZSvwg4LIv7TXZxYB
20,False,,{'spotify': 'https://open.spotify.com/playlist/2zBWDO9BD2ImOMeheTPqNX'},https://api.spotify.com/v1/playlists/2zBWDO9BD2ImOMeheTPqNX,2zBWDO9BD2ImOMeheTPqNX,"[{'height': 640, 'url': 'https://mosaic.scdn.co/640/ab67616d0000b27345fb00c06655f17c91de396fab67616d0000b27377444909203d907c0c79027dab67616d0000b273d4d4c752eccb62aa42f6487dab67616d0000b273eb3eeab204136a963eb7a369', 'width': 640}, {'height': 300, 'url': 'https://mosaic.scdn.co/300/ab67616d0000b27345fb00c06655f17c91de396fab67616d0000b27377444909203d907c0c79027dab67616d0000b273d4d4c752eccb62aa42f6487dab67616d0000b273eb3eeab204136a963eb7a369', 'width': 300}, {'height': 60, 'url': 'https://mosaic.scdn.co/60/ab67616d0000b27345fb00c06655f17c91de396fab67616d0000b27377444909203d907c0c79027dab67616d0000b273d4d4c752eccb62aa42f6487dab67616d0000b273eb3eeab204136a963eb7a369', 'width': 60}]",puka shell necklace,"{'display_name': 'Kiefer Smith', 'external_urls': {'spotify': 'https://open.spotify.com/user/124528315'}, 'href': 'https://api.spotify.com/v1/users/124528315', 'id': '124528315', 'type': 'user', 'uri': 'spotify:user:124528315'}",,False,MTUsODgyYmYzMzM2NjIzZmFiN2E4NGFmY2RlNDI3OTJhMmJiMWFhOGNjNA==,"{'href': 'https://api.spotify.com/v1/playlists/2zBWDO9BD2ImOMeheTPqNX/tracks', 'total': 13}",playlist,spotify:playlist:2zBWDO9BD2ImOMeheTPqNX
21,False,,{'spotify': 'https://open.spotify.com/playlist/1KK13tEekEUg2SpkL7cVqy'},https://api.spotify.com/v1/playlists/1KK13tEekEUg2SpkL7cVqy,1KK13tEekEUg2SpkL7cVqy,"[{'height': 640, 'url': 'https://mosaic.scdn.co/640/ab67616d0000b273291b0e8f1a74c2bc9f9d3110ab67616d0000b273312f2e71ea2ffd2d6bae1c90ab67616d0000b2737313aec4d82754542d602f9eab67616d0000b273b922f372bf486a28aa088cd3', 'width': 640}, {'height': 300, 'url': 'https://mosaic.scdn.co/300/ab67616d0000b273291b0e8f1a74c2bc9f9d3110ab67616d0000b273312f2e71ea2ffd2d6bae1c90ab67616d0000b2737313aec4d82754542d602f9eab67616d0000b273b922f372bf486a28aa088cd3', 'width': 300}, {'height': 60, 'url': 'https://mosaic.scdn.co/60/ab67616d0000b273291b0e8f1a74c2bc9f9d3110ab67616d0000b273312f2e71ea2ffd2d6bae1c90ab67616d0000b2737313aec4d82754542d602f9eab67616d0000b273b922f372bf486a28aa088cd3', 'width': 60}]",classic metal,"{'display_name': 'Kiefer Smith', 'external_urls': {'spotify': 'https://open.spotify.com/user/124528315'}, 'href': 'https://api.spotify.com/v1/users/124528315', 'id': '124528315', 'type': 'user', 'uri': 'spotify:user:124528315'}",,True,MzcsZjg5ZTM2MjljMjVjOTI5YTZiOTRkYzM2MzQ2Yjk2MTkzN2U4Njc4Yw==,"{'href': 'https://api.spotify.com/v1/playlists/1KK13tEekEUg2SpkL7cVqy/tracks', 'total': 36}",playlist,spotify:playlist:1KK13tEekEUg2SpkL7cVqy
22,False,,{'spotify': 'https://open.spotify.com/playlist/4sKwdev5PaG9W9j8CC1y2h'},https://api.spotify.com/v1/playlists/4sKwdev5PaG9W9j8CC1y2h,4sKwdev5PaG9W9j8CC1y2h,"[{'height': 640, 'url': 'https://mosaic.scdn.co/640/ab67616d0000b27307503c319da75a3cc3eff1e1ab67616d0000b27383272a60f67c2ef65f5c2c5bab67616d0000b273b5997b95ed07c8a825e0273bab67616d0000b273efc6988972cb04105f002cd4', 'width': 640}, {'height': 300, 'url': 'https://mosaic.scdn.co/300/ab67616d0000b27307503c319da75a3cc3eff1e1ab67616d0000b27383272a60f67c2ef65f5c2c5bab67616d0000b273b5997b95ed07c8a825e0273bab67616d0000b273efc6988972cb04105f002cd4', 'width': 300}, {'height': 60, 'url': 'https://mosaic.scdn.co/60/ab67616d0000b27307503c319da75a3cc3eff1e1ab67616d0000b27383272a60f67c2ef65f5c2c5bab67616d0000b273b5997b95ed07c8a825e0273bab67616d0000b273efc6988972cb04105f002cd4', 'width': 60}]",GIRL MUSIC,"{'display_name': 'Kiefer Smith', 'external_urls': {'spotify': 'https://open.spotify.com/user/124528315'}, 'href': 'https://api.spotify.com/v1/users/124528315', 'id': '124528315', 'type': 'user', 'uri': 'spotify:user:124528315'}",,False,MzQsOTdiOTVmNDk2MDMyM2VmYmI5ZTM0ZTg3NTlmNjIxOTAwM2E1MDNhMw==,"{'href': 'https://api.spotify.com/v1/playlists/4sKwdev5PaG9W9j8CC1y2h/tracks', 'total': 31}",playlist,spotify:playlist:4sKwdev5PaG9W9j8CC1y2h
23,False,nothing but chilling,{'spotify': 'https://open.spotify.com/playlist/2zdVsXL44Pzwjh1YPrd2Ep'},https://api.spotify.com/v1/playlists/2zdVsXL44Pzwjh1YPrd2Ep,2zdVsXL44Pzwjh1YPrd2Ep,"[{'height': None, 'url': 'https://i.scdn.co/image/ab67706c0000da843d3759e0343b660ed3317bcd', 'width': None}]","Chilling Playlist (Trip Hop, Rock, Electronica, Electronic, ElectronicPop, R&B, Pop)","{'display_name': 'Burak Emre Öztürk', 'external_urls': {'spotify': 'https://open.spotify.com/user/burakomarsilyas'}, 'href': 'https://api.spotify.com/v1/users/burakomarsilyas', 'id': 'burakomarsilyas', 'type': 'user', 'uri': 'spotify:user:burakomarsilyas'}",,False,NTU2LGZjMjc5NWNlZjM1NDg4YjRhYTY4MWVkMGZhMmZkOGQ4NjQ3N2Y3Y2Y=,"{'href': 'https://api.spotify.com/v1/playlists/2zdVsXL44Pzwjh1YPrd2Ep/tracks', 'total': 400}",playlist,spotify:playlist:2zdVsXL44Pzwjh1YPrd2Ep
24,False,,{'spotify': 'https://open.spotify.com/playlist/2NZJO3nyJuD3AvbCJnJExl'},https://api.spotify.com/v1/playlists/2NZJO3nyJuD3AvbCJnJExl,2NZJO3nyJuD3AvbCJnJExl,"[{'height': 640, 'url': 'https://mosaic.scdn.co/640/ab67616d0000b2730d3c16da0e6348f35a219ad6ab67616d0000b2735621f132b6d5ce5254b5aa2aab67616d0000b2735ceee00f6bbe690726bb4063ab67616d0000b2738502f9372213d0ceeedbb43c', 'width': 640}, {'height': 300, 'url': 'https://mosaic.scdn.co/300/ab67616d0000b2730d3c16da0e6348f35a219ad6ab67616d0000b2735621f132b6d5ce5254b5aa2aab67616d0000b2735ceee00f6bbe690726bb4063ab67616d0000b2738502f9372213d0ceeedbb43c', 'width': 300}, {'height': 60, 'url': 'https://mosaic.scdn.co/60/ab67616d0000b2730d3c16da0e6348f35a219ad6ab67616d0000b2735621f132b6d5ce5254b5aa2aab67616d0000b2735ceee00f6bbe690726bb4063ab67616d0000b2738502f9372213d0ceeedbb43c', 'width': 60}]",Spotify.Me,"{'display_name': 'Kiefer Smith', 'external_urls': {'spotify': 'https://open.spotify.com/user/124528315'}, 'href': 'https://api.spotify.com/v1/users/124528315', 'id': '124528315', 'type': 'user', 'uri': 'spotify:user:124528315'}",,False,MixjYTEyZDM4MjkyYmM0MDMyZGE0YWZlMGJlYzg1ZTdhN2EwZTRlZmNk,"{'href': 'https://api.spotify.com/v1/playlists/2NZJO3nyJuD3AvbCJnJExl/tracks', 'total': 20}",playlist,spotify:playlist:2NZJO3nyJuD3AvbCJnJExl
25,False,,{'spotify': 'https://open.spotify.com/playlist/5m11dhd4P6KNH2eGnAnuFy'},https://api.spotify.com/v1/playlists/5m11dhd4P6KNH2eGnAnuFy,5m11dhd4P6KNH2eGnAnuFy,"[{'height': 640, 'url': 'https://mosaic.scdn.co/640/ab67616d0000b273386f0312b36cf1940308a178ab67616d0000b27342d07686c4aa1898c5d11a69ab67616d0000b27375c21eb0552cdffe749e2984ab67616d0000b273dd8405c89ab3e610d84d052f', 'width': 640}, {'height': 300, 'url': 'https://mosaic.scdn.co/300/ab67616d0000b273386f0312b36cf1940308a178ab67616d0000b27342d07686c4aa1898c5d11a69ab67616d0000b27375c21eb0552cdffe749e2984ab67616d0000b273dd8405c89ab3e610d84d052f', 'width': 300}, {'height': 60, 'url': 'https://mosaic.scdn.co/60/ab67616d0000b273386f0312b36cf1940308a178ab67616d0000b27342d07686c4aa1898c5d11a69ab67616d0000b27375c21eb0552cdffe749e2984ab67616d0000b273dd8405c89ab3e610d84d052f', 'width': 60}]",pixels,"{'display_name': 'Kiefer Smith', 'external_urls': {'spotify': 'https://open.spotify.com/user/124528315'}, 'href': 'https://api.spotify.com/v1/users/124528315', 'id': '124528315', 'type': 'user', 'uri': 'spotify:user:124528315'}",,False,MjAsNDA2NWU3ZjVkMWNlNDdhZjA5MDQzODljMTc1MTM3Y2M3OWNhMjMwNw==,"{'href': 'https://api.spotify.com/v1/playlists/5m11dhd4P6KNH2eGnAnuFy/tracks', 'total': 17}",playlist,spotify:playlist:5m11dhd4P6KNH2eGnAnuFy
26,False,,{'spotify': 'https://open.spotify.com/playlist/3c0w4iARYPgWRpAg79GIKD'},https://api.spotify.com/v1/playlists/3c0w4iARYPgWRpAg79GIKD,3c0w4iARYPgWRpAg79GIKD,"[{'height': 640, 'url': 'https://mosaic.scdn.co/640/ab67616d0000b27371d542175d87f29088805e1aab67616d0000b27381b6285a16a514257830d9f8ab67616d0000b27395fe4146184ee807c884326bab67616d0000b273e41ab4d24eda27f163409316', 'width': 640}, {'height': 300, 'url': 'https://mosaic.scdn.co/300/ab67616d0000b27371d542175d87f29088805e1aab67616d0000b27381b6285a16a514257830d9f8ab67616d0000b27395fe4146184ee807c884326bab67616d0000b273e41ab4d24eda27f163409316', 'width': 300}, {'height': 60, 'url': 'https://mosaic.scdn.co/60/ab67616d0000b27371d542175d87f29088805e1aab67616d0000b27381b6285a16a514257830d9f8ab67616d0000b27395fe4146184ee807c884326bab67616d0000b273e41ab4d24eda27f163409316', 'width': 60}]",Pop Punk,"{'display_name': 'Mitchell Franklin', 'external_urls': {'spotify': 'https://open.spotify.com/user/127761587'}, 'href': 'https://api.spotify.com/v1/users/127761587', 'id': '127761587', 'type': 'user', 'uri': 'spotify:user:127761587'}",,False,NzYsNDg3YTU0NTNiNjM1MTFkMmI4ODU0YzEzNzk1YTg3ZDMxMGQzNTE0OQ==,"{'href': 'https://api.spotify.com/v1/playlists/3c0w4iARYPgWRpAg79GIKD/tracks', 'total': 75}",playlist,spotify:playlist:3c0w4iARYPgWRpAg79GIKD
27,False,,{'spotify': 'https://open.spotify.com/playlist/3hkMonLRK9KF6EO8LPYFZh'},https://api.spotify.com/v1/playlists/3hkMonLRK9KF6EO8LPYFZh,3hkMonLRK9KF6EO8LPYFZh,"[{'height': 640, 'url': 'https://mosaic.scdn.co/640/ab67616d0000b2730477dd8444fff100e43d2f58ab67616d0000b2730f387fd18dfdc5f0c18b80d3ab67616d0000b2732fcb0a3c7a66e516b11cd26eab67616d0000b2737ea416bf9793bedcaff8a7c0', 'width': 640}, {'height': 300, 'url': 'https://mosaic.scdn.co/300/ab67616d0000b2730477dd8444fff100e43d2f58ab67616d0000b2730f387fd18dfdc5f0c18b80d3ab67616d0000b2732fcb0a3c7a66e516b11cd26eab67616d0000b2737ea416bf9793bedcaff8a7c0', 'width': 300}, {'height': 60, 'url': 'https://mosaic.scdn.co/60/ab67616d0000b2730477dd8444fff100e43d2f58ab67616d0000b2730f387fd18dfdc5f0c18b80d3ab67616d0000b2732fcb0a3c7a66e516b11cd26eab67616d0000b2737ea416bf9793bedcaff8a7c0', 'width': 60}]",trip+hop,"{'display_name': 'Kiefer Smith', 'external_urls': {'spotify': 'https://open.spotify.com/user/124528315'}, 'href': 'https://api.spotify.com/v1/users/124528315', 'id': '124528315', 'type': 'user', 'uri': 'spotify:user:124528315'}",,False,NDEsMTNmMzEwNTU3MDdkYjQ2NzE2Y2E3ZTM1NmFhNDE4MTNmMTgwNTkyZA==,"{'href': 'https://api.spotify.com/v1/playlists/3hkMonLRK9KF6EO8LPYFZh/tracks', 'total': 38}",playlist,spotify:playlist:3hkMonLRK9KF6EO8LPYFZh
28,False,,{'spotify': 'https://open.spotify.com/playlist/2730voEkmbWZ01uOsEjMNF'},https://api.spotify.com/v1/playlists/2730voEkmbWZ01uOsEjMNF,2730voEkmbWZ01uOsEjMNF,"[{'height': 640, 'url': 'https://mosaic.scdn.co/640/ab67616d0000b2731d06e035044b52caf2f7dd18ab67616d0000b27371d542175d87f29088805e1aab67616d0000b2738784973fee485e5418bb6248ab67616d0000b273a65c9844d454375a10178690', 'width': 640}, {'height': 300, 'url': 'https://mosaic.scdn.co/300/ab67616d0000b2731d06e035044b52caf2f7dd18ab67616d0000b27371d542175d87f29088805e1aab67616d0000b2738784973fee485e5418bb6248ab67616d0000b273a65c9844d454375a10178690', 'width': 300}, {'height': 60, 'url': 'https://mosaic.scdn.co/60/ab67616d0000b2731d06e035044b52caf2f7dd18ab67616d0000b27371d542175d87f29088805e1aab67616d0000b2738784973fee485e5418bb6248ab67616d0000b273a65c9844d454375a10178690', 'width': 60}]",Spotify.Me,"{'display_name': 'Kiefer Smith', 'external_urls': {'spotify': 'https://open.spotify.com/user/124528315'}, 'href': 'https://api.spotify.com/v1/users/124528315', 'id': '124528315', 'type': 'user', 'uri': 'spotify:user:124528315'}",,False,MixkM2FmMzJmYjliODYxODEyZDQ3ZmVmMDViN2RkZDY1ZTViOTQ3NTZi,"{'href': 'https://api.spotify.com/v1/playlists/2730voEkmbWZ01uOsEjMNF/tracks', 'total': 20}",playlist,spotify:playlist:2730voEkmbWZ01uOsEjMNF
29,False,,{'spotify': 'https://open.spotify.com/playlist/7hILXeFZPURyacSty3nrSM'},https://api.spotify.com/v1/playlists/7hILXeFZPURyacSty3nrSM,7hILXeFZPURyacSty3nrSM,"[{'height': 640, 'url': 'https://mosaic.scdn.co/640/ab67616d0000b273060a023ee956d769a86a433bab67616d0000b2731a8105b6d15067a8a81435c2ab67616d0000b273e33a95aaff11faae0826160cab67616d0000b273ee3d9468f4f175aeccffa218', 'width': 640}, {'height': 300, 'url': 'https://mosaic.scdn.co/300/ab67616d0000b273060a023ee956d769a86a433bab67616d0000b2731a8105b6d15067a8a81435c2ab67616d0000b273e33a95aaff11faae0826160cab67616d0000b273ee3d9468f4f175aeccffa218', 'width': 300}, {'height': 60, 'url': 'https://mosaic.scdn.co/60/ab67616d0000b273060a023ee956d769a86a433bab67616d0000b2731a8105b6d15067a8a81435c2ab67616d0000b273e33a95aaff11faae0826160cab67616d0000b273ee3d9468f4f175aeccffa218', 'width': 60}]",fall,"{'display_name': 'Kiefer Smith', 'external_urls': {'spotify': 'https://open.spotify.com/user/124528315'}, 'href': 'https://api.spotify.com/v1/users/124528315', 'id': '124528315', 'type': 'user', 'uri': 'spotify:user:124528315'}",,False,NSxkYTczODQ2MTI0ZTZjODBjZTgxMzUyNjVjNTkyZjA5NzUwYmU0N2U2,"{'href': 'https://api.spotify.com/v1/playlists/7hILXeFZPURyacSty3nrSM/tracks', 'total': 4}",playlist,spotify:playlist:7hILXeFZPURyacSty3nrSM
30,False,,{'spotify': 'https://open.spotify.com/playlist/2cJHlZ4ViXEhbgXt6C0E2a'},https://api.spotify.com/v1/playlists/2cJHlZ4ViXEhbgXt6C0E2a,2cJHlZ4ViXEhbgXt6C0E2a,"[{'height': 640, 'url': 'https://mosaic.scdn.co/640/ab67616d0000b2732cd8e41f305319b307076a90ab67616d0000b2736a2a3a5a557b747bcd2e7d3aab67616d0000b273aef6eecd4ed646a051c46a71ab67616d0000b273c933eb3d3155eea0ca2107a8', 'width': 640}, {'height': 300, 'url': 'https://mosaic.scdn.co/300/ab67616d0000b2732cd8e41f305319b307076a90ab67616d0000b2736a2a3a5a557b747bcd2e7d3aab67616d0000b273aef6eecd4ed646a051c46a71ab67616d0000b273c933eb3d3155eea0ca2107a8', 'width': 300}, {'height': 60, 'url': 'https://mosaic.scdn.co/60/ab67616d0000b2732cd8e41f305319b307076a90ab67616d0000b2736a2a3a5a557b747bcd2e7d3aab67616d0000b273aef6eecd4ed646a051c46a71ab67616d0000b273c933eb3d3155eea0ca2107a8', 'width': 60}]",flow,"{'display_name': 'Kiefer Smith', 'external_urls': {'spotify': 'https://open.spotify.com/user/124528315'}, 'href': 'https://api.spotify.com/v1/users/124528315', 'id': '124528315', 'type': 'user', 'uri': 'spotify:user:124528315'}",,False,MzMsY2ZjYzk3MDliNTIzZmY5YWNkMDUwNjUzYWRlMjFjOThjNmZiYTBmZg==,"{'href': 'https://api.spotify.com/v1/playlists/2cJHlZ4ViXEhbgXt6C0E2a/tracks', 'total': 24}",playlist,spotify:playlist:2cJHlZ4ViXEhbgXt6C0E2a
31,False,,{'spotify': 'https://open.spotify.com/playlist/7dDrtpLCqMoVwTg4OurCPM'},https://api.spotify.com/v1/playlists/7dDrtpLCqMoVwTg4OurCPM,7dDrtpLCqMoVwTg4OurCPM,"[{'height': 640, 'url': 'https://mosaic.scdn.co/640/ab67616d0000b27311515e87e0001996f6ab35e3ab67616d0000b27351156e6871791e38b0e29b46ab67616d0000b273e862d76e7fc982c1bc9469e2c9d1284a719ce2f9120cf446572863bd6c68bea0', 'width': 640}, {'height': 300, 'url': 'https://mosaic.scdn.co/300/ab67616d0000b27311515e87e0001996f6ab35e3ab67616d0000b27351156e6871791e38b0e29b46ab67616d0000b273e862d76e7fc982c1bc9469e2c9d1284a719ce2f9120cf446572863bd6c68bea0', 'width': 300}, {'height': 60, 'url': 'https://mosaic.scdn.co/60/ab67616d0000b27311515e87e0001996f6ab35e3ab67616d0000b27351156e6871791e38b0e29b46ab67616d0000b273e862d76e7fc982c1bc9469e2c9d1284a719ce2f9120cf446572863bd6c68bea0', 'width': 60}]",gfys,"{'display_name': 'Kiefer Smith', 'external_urls': {'spotify': 'https://open.spotify.com/user/124528315'}, 'href': 'https://api.spotify.com/v1/users/124528315', 'id': '124528315', 'type': 'user', 'uri': 'spotify:user:124528315'}",,False,MTEsNGExMzk4N2JkNDRjMDgyMzk2N2Q3ZDQ2Y2IwMTUwOTE1ZmYyMmEwYw==,"{'href': 'https://api.spotify.com/v1/playlists/7dDrtpLCqMoVwTg4OurCPM/tracks', 'total': 9}",playlist,spotify:playlist:7dDrtpLCqMoVwTg4OurCPM
32,False,,{'spotify': 'https://open.spotify.com/playlist/7HXpM8kHTbfLqhPOnqh7id'},https://api.spotify.com/v1/playlists/7HXpM8kHTbfLqhPOnqh7id,7HXpM8kHTbfLqhPOnqh7id,"[{'height': 640, 'url': 'https://mosaic.scdn.co/640/ab67616d0000b273c2f602c118daadf3346bd4b6ab67616d0000b273e081ef6de656ee714788ea0dab67616d0000b273f388a6e1d9892f00d6623dbfab67616d0000b273f6f2baee370e0a47dbc5c0a2', 'width': 640}, {'height': 300, 'url': 'https://mosaic.scdn.co/300/ab67616d0000b273c2f602c118daadf3346bd4b6ab67616d0000b273e081ef6de656ee714788ea0dab67616d0000b273f388a6e1d9892f00d6623dbfab67616d0000b273f6f2baee370e0a47dbc5c0a2', 'width': 300}, {'height': 60, 'url': 'https://mosaic.scdn.co/60/ab67616d0000b273c2f602c118daadf3346bd4b6ab67616d0000b273e081ef6de656ee714788ea0dab67616d0000b273f388a6e1d9892f00d6623dbfab67616d0000b273f6f2baee370e0a47dbc5c0a2', 'width': 60}]",covers,"{'display_name': 'Kiefer Smith', 'external_urls': {'spotify': 'https://open.spotify.com/user/124528315'}, 'href': 'https://api.spotify.com/v1/users/124528315', 'id': '124528315', 'type': 'user', 'uri': 'spotify:user:124528315'}",,False,NzYsMzg1ZTJlNzI2MTFhNGFkNDE4ZjA5M2Q1M2YwNmY1NTdjZGU2YmJhMQ==,"{'href': 'https://api.spotify.com/v1/playlists/7HXpM8kHTbfLqhPOnqh7id/tracks', 'total': 77}",playlist,spotify:playlist:7HXpM8kHTbfLqhPOnqh7id
33,False,,{'spotify': 'https://open.spotify.com/playlist/0ByW7aTxTsgL9DjDSmGnSU'},https://api.spotify.com/v1/playlists/0ByW7aTxTsgL9DjDSmGnSU,0ByW7aTxTsgL9DjDSmGnSU,"[{'height': 640, 'url': 'https://mosaic.scdn.co/640/ab67616d0000b2739f19fc47081afc1abeb6eb6dab67616d0000b273b467f87050a42bd877ed34b7ab67616d0000b273ca4bfeff08d9d6d5e76738c0ab67616d0000b273ec4d79e8035ed2803ecfe2b3', 'width': 640}, {'height': 300, 'url': 'https://mosaic.scdn.co/300/ab67616d0000b2739f19fc47081afc1abeb6eb6dab67616d0000b273b467f87050a42bd877ed34b7ab67616d0000b273ca4bfeff08d9d6d5e76738c0ab67616d0000b273ec4d79e8035ed2803ecfe2b3', 'width': 300}, {'height': 60, 'url': 'https://mosaic.scdn.co/60/ab67616d0000b2739f19fc47081afc1abeb6eb6dab67616d0000b273b467f87050a42bd877ed34b7ab67616d0000b273ca4bfeff08d9d6d5e76738c0ab67616d0000b273ec4d79e8035ed2803ecfe2b3', 'width': 60}]",sprung a leak,"{'display_name': 'Kiefer Smith', 'external_urls': {'spotify': 'https://open.spotify.com/user/124528315'}, 'href': 'https://api.spotify.com/v1/users/124528315', 'id': '124528315', 'type': 'user', 'uri': 'spotify:user:124528315'}",,False,MjIsMGYyZmQ3OTJmZWM1ZDM1YzNlMmIwZDk3NGI5OWRkMmE3MzBkODQxNw==,"{'href': 'https://api.spotify.com/v1/playlists/0ByW7aTxTsgL9DjDSmGnSU/tracks', 'total': 20}",playlist,spotify:playlist:0ByW7aTxTsgL9DjDSmGnSU
34,False,"We all love The Office, don&#x27;t we? Here&#x27;s every song featured in the hit US TV show, brought to you in chronological order!",{'spotify': 'https://open.spotify.com/playlist/4kqEXgxrLjncC19Z8uD5po'},https://api.spotify.com/v1/playlists/4kqEXgxrLjncC19Z8uD5po,4kqEXgxrLjncC19Z8uD5po,"[{'height': 640, 'url': 'https://mosaic.scdn.co/640/ab67616d0000b2734f8559ca76bad5a74036fbaeab67616d0000b2737c489cb322ff0e2de961ea05ab67616d0000b273cf505191afa6a1978418fdf8ab67616d0000b273cfff88f4afc7f485b123309a', 'width': 640}, {'height': 300, 'url': 'https://mosaic.scdn.co/300/ab67616d0000b2734f8559ca76bad5a74036fbaeab67616d0000b2737c489cb322ff0e2de961ea05ab67616d0000b273cf505191afa6a1978418fdf8ab67616d0000b273cfff88f4afc7f485b123309a', 'width': 300}, {'height': 60, 'url': 'https://mosaic.scdn.co/60/ab67616d0000b2734f8559ca76bad5a74036fbaeab67616d0000b2737c489cb322ff0e2de961ea05ab67616d0000b273cf505191afa6a1978418fdf8ab67616d0000b273cfff88f4afc7f485b123309a', 'width': 60}]",The Office US Complete Soundtrack [Seasons 1-9],"{'display_name': 'Jamie Wade', 'external_urls': {'spotify': 'https://open.spotify.com/user/subsonic912'}, 'href': 'https://api.spotify.com/v1/users/subsonic912', 'id': 'subsonic912', 'type': 'user', 'uri': 'spotify:user:subsonic912'}",,False,NjE4LGJiNmU5MWI3MmM0YzExNGZkZTMzM2U0OWIzOTY2MTI2ZjFkNDk4YWE=,"{'href': 'https://api.spotify.com/v1/playlists/4kqEXgxrLjncC19Z8uD5po/tracks', 'total': 189}",playlist,spotify:playlist:4kqEXgxrLjncC19Z8uD5po
35,False,,{'spotify': 'https://open.spotify.com/playlist/6FjYoftyCUjRRSlsJUlbt1'},https://api.spotify.com/v1/playlists/6FjYoftyCUjRRSlsJUlbt1,6FjYoftyCUjRRSlsJUlbt1,"[{'height': 640, 'url': 'https://mosaic.scdn.co/640/ab67616d0000b2735dc8590b4adb1cdb1dce23deab67616d0000b2736f25b3399464d621b9f7eebcab67616d0000b273c2f602c118daadf3346bd4b6ab67616d0000b273d21e5770650940796cf3fba0', 'width': 640}, {'height': 300, 'url': 'https://mosaic.scdn.co/300/ab67616d0000b2735dc8590b4adb1cdb1dce23deab67616d0000b2736f25b3399464d621b9f7eebcab67616d0000b273c2f602c118daadf3346bd4b6ab67616d0000b273d21e5770650940796cf3fba0', 'width': 300}, {'height': 60, 'url': 'https://mosaic.scdn.co/60/ab67616d0000b2735dc8590b4adb1cdb1dce23deab67616d0000b2736f25b3399464d621b9f7eebcab67616d0000b273c2f602c118daadf3346bd4b6ab67616d0000b273d21e5770650940796cf3fba0', 'width': 60}]",winter is coming,"{'display_name': 'Kiefer Smith', 'external_urls': {'spotify': 'https://open.spotify.com/user/124528315'}, 'href': 'https://api.spotify.com/v1/users/124528315', 'id': '124528315', 'type': 'user', 'uri': 'spotify:user:124528315'}",,False,MTksNGJiNDU1MTU1OTg1MTYxNDAzM2I3ZjdkOWNiOGI5N2U0NDIyNjRjYw==,"{'href': 'https://api.spotify.com/v1/playlists/6FjYoftyCUjRRSlsJUlbt1/tracks', 'total': 17}",playlist,spotify:playlist:6FjYoftyCUjRRSlsJUlbt1
36,False,From https:&#x2F;&#x2F;www.reddit.com&#x2F;r&#x2F;AskReddit&#x2F;comments&#x2F;5h45en&#x2F;what_is_one_song_that_instantly_gets_you_hyped_as&#x2F;,{'spotify': 'https://open.spotify.com/playlist/7CseXkRUYWMS6jm0VafGlN'},https://api.spotify.com/v1/playlists/7CseXkRUYWMS6jm0VafGlN,7CseXkRUYWMS6jm0VafGlN,"[{'height': 640, 'url': 'https://mosaic.scdn.co/640/ab67616d0000b27301a6faf91e207748e8e32e0aab67616d0000b273053f006079bce979e5fef1e1ab67616d0000b27330d45198d0c9e8841f9a9578ab67616d0000b2737676c7bf4e667590e496c2a3', 'width': 640}, {'height': 300, 'url': 'https://mosaic.scdn.co/300/ab67616d0000b27301a6faf91e207748e8e32e0aab67616d0000b273053f006079bce979e5fef1e1ab67616d0000b27330d45198d0c9e8841f9a9578ab67616d0000b2737676c7bf4e667590e496c2a3', 'width': 300}, {'height': 60, 'url': 'https://mosaic.scdn.co/60/ab67616d0000b27301a6faf91e207748e8e32e0aab67616d0000b273053f006079bce979e5fef1e1ab67616d0000b27330d45198d0c9e8841f9a9578ab67616d0000b2737676c7bf4e667590e496c2a3', 'width': 60}]",Reddit's Hype Playlist,"{'display_name': 'kfbest', 'external_urls': {'spotify': 'https://open.spotify.com/user/kfbest'}, 'href': 'https://api.spotify.com/v1/users/kfbest', 'id': 'kfbest', 'type': 'user', 'uri': 'spotify:user:kfbest'}",,False,MTMwNSw4ZDE5ZTM0NGRlY2E2YThhNGI4OWY2NDJjZDcyOTc3OGE5N2M5OWZm,"{'href': 'https://api.spotify.com/v1/playlists/7CseXkRUYWMS6jm0VafGlN/tracks', 'total': 663}",playlist,spotify:playlist:7CseXkRUYWMS6jm0VafGlN
37,False,,{'spotify': 'https://open.spotify.com/playlist/3cKDavzZXZedxwsKiEkMOG'},https://api.spotify.com/v1/playlists/3cKDavzZXZedxwsKiEkMOG,3cKDavzZXZedxwsKiEkMOG,"[{'height': 640, 'url': 'https://mosaic.scdn.co/640/ab67616d0000b2730b1129853982ea17845d4eb6ab67616d0000b2731ec3a6b7ef626d99c421457cab67616d0000b273b7fa53251b9ff3a5e136404bab67616d0000b273fbf31b88d570149278959081', 'width': 640}, {'height': 300, 'url': 'https://mosaic.scdn.co/300/ab67616d0000b2730b1129853982ea17845d4eb6ab67616d0000b2731ec3a6b7ef626d99c421457cab67616d0000b273b7fa53251b9ff3a5e136404bab67616d0000b273fbf31b88d570149278959081', 'width': 300}, {'height': 60, 'url': 'https://mosaic.scdn.co/60/ab67616d0000b2730b1129853982ea17845d4eb6ab67616d0000b2731ec3a6b7ef626d99c421457cab67616d0000b273b7fa53251b9ff3a5e136404bab67616d0000b273fbf31b88d570149278959081', 'width': 60}]",lose your mind,"{'display_name': 'Kiefer Smith', 'external_urls': {'spotify': 'https://open.spotify.com/user/124528315'}, 'href': 'https://api.spotify.com/v1/users/124528315', 'id': '124528315', 'type': 'user', 'uri': 'spotify:user:124528315'}",,False,MTcsMWU2NjI2NDNmNzBhMTBmNzA2NmRhZjY3MjI2NTI0YjI4MjMzMDk1NQ==,"{'href': 'https://api.spotify.com/v1/playlists/3cKDavzZXZedxwsKiEkMOG/tracks', 'total': 15}",playlist,spotify:playlist:3cKDavzZXZedxwsKiEkMOG
38,False,Stay relaxed with these low-key beats and instrumentals.,{'spotify': 'https://open.spotify.com/playlist/37i9dQZF1DX3qCx5yEZkcJ'},https://api.spotify.com/v1/playlists/37i9dQZF1DX3qCx5yEZkcJ,37i9dQZF1DX3qCx5yEZkcJ,"[{'height': None, 'url': 'https://i.scdn.co/image/ab67706f0000000263dd4b9fa9215863beaf481a', 'width': None}]",Mellow Beats,"{'display_name': 'Spotify', 'external_urls': {'spotify': 'https://open.spotify.com/user/spotify'}, 'href': 'https://api.spotify.com/v1/users/spotify', 'id': 'spotify', 'type': 'user', 'uri': 'spotify:user:spotify'}",,False,MTU4NTI3NTkyMiwwMDAwMDA0ZDAwMDAwMTcxMTljZWU3MTYwMDAwMDE2ZDAwYzgwN2Fj,"{'href': 'https://api.spotify.com/v1/playlists/37i9dQZF1DX3qCx5yEZkcJ/tracks', 'total': 110}",playlist,spotify:playlist:37i9dQZF1DX3qCx5yEZkcJ
39,False,,{'spotify': 'https://open.spotify.com/playlist/3qDVO2Zdxd3iZUGFiljZb2'},https://api.spotify.com/v1/playlists/3qDVO2Zdxd3iZUGFiljZb2,3qDVO2Zdxd3iZUGFiljZb2,"[{'height': 640, 'url': 'https://mosaic.scdn.co/640/ab67616d0000b2739e1cfc756886ac782e363d79ab67616d0000b273e77815e1438eaa14c65f6568ab67616d0000b273ea6019a29888aaba30f440dbab67616d0000b273f5c3f0126bd9b57d1d826171', 'width': 640}, {'height': 300, 'url': 'https://mosaic.scdn.co/300/ab67616d0000b2739e1cfc756886ac782e363d79ab67616d0000b273e77815e1438eaa14c65f6568ab67616d0000b273ea6019a29888aaba30f440dbab67616d0000b273f5c3f0126bd9b57d1d826171', 'width': 300}, {'height': 60, 'url': 'https://mosaic.scdn.co/60/ab67616d0000b2739e1cfc756886ac782e363d79ab67616d0000b273e77815e1438eaa14c65f6568ab67616d0000b273ea6019a29888aaba30f440dbab67616d0000b273f5c3f0126bd9b57d1d826171', 'width': 60}]",summer,"{'display_name': 'Kiefer Smith', 'external_urls': {'spotify': 'https://open.spotify.com/user/124528315'}, 'href': 'https://api.spotify.com/v1/users/124528315', 'id': '124528315', 'type': 'user', 'uri': 'spotify:user:124528315'}",,False,MjksM2VjMjE3ZTk4MTdiZDIzMGY0OTg2NDdhZTNjNGFjZWQwYzA0YTI0OQ==,"{'href': 'https://api.spotify.com/v1/playlists/3qDVO2Zdxd3iZUGFiljZb2/tracks', 'total': 27}",playlist,spotify:playlist:3qDVO2Zdxd3iZUGFiljZb2
40,False,,{'spotify': 'https://open.spotify.com/playlist/00meejoiZQ6SjdegrZaq2M'},https://api.spotify.com/v1/playlists/00meejoiZQ6SjdegrZaq2M,00meejoiZQ6SjdegrZaq2M,"[{'height': 640, 'url': 'https://mosaic.scdn.co/640/ab67616d0000b273251bbc8ddc8424c80f3e3d20ab67616d0000b2732af30c881bb23cfb82a8cf99ab67616d0000b2737676c7bf4e667590e496c2a3ab67616d0000b273b644f37a80bda5839942d9a0', 'width': 640}, {'height': 300, 'url': 'https://mosaic.scdn.co/300/ab67616d0000b273251bbc8ddc8424c80f3e3d20ab67616d0000b2732af30c881bb23cfb82a8cf99ab67616d0000b2737676c7bf4e667590e496c2a3ab67616d0000b273b644f37a80bda5839942d9a0', 'width': 300}, {'height': 60, 'url': 'https://mosaic.scdn.co/60/ab67616d0000b273251bbc8ddc8424c80f3e3d20ab67616d0000b2732af30c881bb23cfb82a8cf99ab67616d0000b2737676c7bf4e667590e496c2a3ab67616d0000b273b644f37a80bda5839942d9a0', 'width': 60}]",keep on,"{'display_name': 'Kiefer Smith', 'external_urls': {'spotify': 'https://open.spotify.com/user/124528315'}, 'href': 'https://api.spotify.com/v1/users/124528315', 'id': '124528315', 'type': 'user', 'uri': 'spotify:user:124528315'}",,False,MjAsMTRkOTk2NjgwN2ZkNTRlYzZhOTE1OTdjN2M2M2JiOGNlM2FhNzgxNw==,"{'href': 'https://api.spotify.com/v1/playlists/00meejoiZQ6SjdegrZaq2M/tracks', 'total': 16}",playlist,spotify:playlist:00meejoiZQ6SjdegrZaq2M
41,False,,{'spotify': 'https://open.spotify.com/playlist/2IpAWeUZG0MewXfOqUmgbT'},https://api.spotify.com/v1/playlists/2IpAWeUZG0MewXfOqUmgbT,2IpAWeUZG0MewXfOqUmgbT,"[{'height': 640, 'url': 'https://mosaic.scdn.co/640/ab67616d0000b2730fe2ec86a0ec561ef2e2aae1ab67616d0000b27328a00032ff3b86af3d7e0e54ab67616d0000b27338ac6dd1653bc2c69c9ed8ddab67616d0000b273c8e97cafeb2acb85b21a777e', 'width': 640}, {'height': 300, 'url': 'https://mosaic.scdn.co/300/ab67616d0000b2730fe2ec86a0ec561ef2e2aae1ab67616d0000b27328a00032ff3b86af3d7e0e54ab67616d0000b27338ac6dd1653bc2c69c9ed8ddab67616d0000b273c8e97cafeb2acb85b21a777e', 'width': 300}, {'height': 60, 'url': 'https://mosaic.scdn.co/60/ab67616d0000b2730fe2ec86a0ec561ef2e2aae1ab67616d0000b27328a00032ff3b86af3d7e0e54ab67616d0000b27338ac6dd1653bc2c69c9ed8ddab67616d0000b273c8e97cafeb2acb85b21a777e', 'width': 60}]",cla6,"{'display_name': 'Kiefer Smith', 'external_urls': {'spotify': 'https://open.spotify.com/user/124528315'}, 'href': 'https://api.spotify.com/v1/users/124528315', 'id': '124528315', 'type': 'user', 'uri': 'spotify:user:124528315'}",,False,NTQsMDJhN2M5NWQwMTI2ZmY4OTkyNzNiNWZkOGUxN2U4M2RmY2EzZTQzZA==,"{'href': 'https://api.spotify.com/v1/playlists/2IpAWeUZG0MewXfOqUmgbT/tracks', 'total': 41}",playlist,spotify:playlist:2IpAWeUZG0MewXfOqUmgbT
42,False,,{'spotify': 'https://open.spotify.com/playlist/649s81RuEqxiZP9EkjDeXk'},https://api.spotify.com/v1/playlists/649s81RuEqxiZP9EkjDeXk,649s81RuEqxiZP9EkjDeXk,"[{'height': 640, 'url': 'https://mosaic.scdn.co/640/ab67616d0000b2731b68ea95d2884c556fe9ce4fab67616d0000b273a8092710bb3ac7af94d80bdbab67616d0000b273b12cd88c85e1f45f4b01ba5dab67616d0000b273c2f602c118daadf3346bd4b6', 'width': 640}, {'height': 300, 'url': 'https://mosaic.scdn.co/300/ab67616d0000b2731b68ea95d2884c556fe9ce4fab67616d0000b273a8092710bb3ac7af94d80bdbab67616d0000b273b12cd88c85e1f45f4b01ba5dab67616d0000b273c2f602c118daadf3346bd4b6', 'width': 300}, {'height': 60, 'url': 'https://mosaic.scdn.co/60/ab67616d0000b2731b68ea95d2884c556fe9ce4fab67616d0000b273a8092710bb3ac7af94d80bdbab67616d0000b273b12cd88c85e1f45f4b01ba5dab67616d0000b273c2f602c118daadf3346bd4b6', 'width': 60}]",halloween,"{'display_name': 'Kiefer Smith', 'external_urls': {'spotify': 'https://open.spotify.com/user/124528315'}, 'href': 'https://api.spotify.com/v1/users/124528315', 'id': '124528315', 'type': 'user', 'uri': 'spotify:user:124528315'}",,False,MzUsZDRiMTJmYmIwYjE5YWZlMjRmNGZkZDRlM2NhZjFiYTNkM2JhY2M3Ng==,"{'href': 'https://api.spotify.com/v1/playlists/649s81RuEqxiZP9EkjDeXk/tracks', 'total': 31}",playlist,spotify:playlist:649s81RuEqxiZP9EkjDeXk
43,False,,{'spotify': 'https://open.spotify.com/playlist/0uCdcB5xhuNKmLOOq2KGjh'},https://api.spotify.com/v1/playlists/0uCdcB5xhuNKmLOOq2KGjh,0uCdcB5xhuNKmLOOq2KGjh,"[{'height': 640, 'url': 'https://mosaic.scdn.co/640/ab67616d0000b2730d245c8a25276a6d6bb461beab67616d0000b27333a40b8ac502e315c79f2f3dab67616d0000b2736b07b9e9af1c4edc6f687798ab67616d0000b273ea359d06a10879dec6b31e93', 'width': 640}, {'height': 300, 'url': 'https://mosaic.scdn.co/300/ab67616d0000b2730d245c8a25276a6d6bb461beab67616d0000b27333a40b8ac502e315c79f2f3dab67616d0000b2736b07b9e9af1c4edc6f687798ab67616d0000b273ea359d06a10879dec6b31e93', 'width': 300}, {'height': 60, 'url': 'https://mosaic.scdn.co/60/ab67616d0000b2730d245c8a25276a6d6bb461beab67616d0000b27333a40b8ac502e315c79f2f3dab67616d0000b2736b07b9e9af1c4edc6f687798ab67616d0000b273ea359d06a10879dec6b31e93', 'width': 60}]",jizz,"{'display_name': 'Kiefer Smith', 'external_urls': {'spotify': 'https://open.spotify.com/user/124528315'}, 'href': 'https://api.spotify.com/v1/users/124528315', 'id': '124528315', 'type': 'user', 'uri': 'spotify:user:124528315'}",,False,NTIsNzljMmU3NzU1NzdhN2ZkYjg1YjIxZDVhM2EzM2RlODdiM2Y2N2JhNA==,"{'href': 'https://api.spotify.com/v1/playlists/0uCdcB5xhuNKmLOOq2KGjh/tracks', 'total': 46}",playlist,spotify:playlist:0uCdcB5xhuNKmLOOq2KGjh
44,False,,{'spotify': 'https://open.spotify.com/playlist/0LWUCd9ysTC29tLI8qgXxM'},https://api.spotify.com/v1/playlists/0LWUCd9ysTC29tLI8qgXxM,0LWUCd9ysTC29tLI8qgXxM,"[{'height': 640, 'url': 'https://mosaic.scdn.co/640/ab67616d0000b27300388d66c87c2c0033849bfdab67616d0000b27342039116200b5d258214f685ab67616d0000b273478d93d193f61f421d32ccf7ab67616d0000b2738d2812ce4b9d9eb009711000', 'width': 640}, {'height': 300, 'url': 'https://mosaic.scdn.co/300/ab67616d0000b27300388d66c87c2c0033849bfdab67616d0000b27342039116200b5d258214f685ab67616d0000b273478d93d193f61f421d32ccf7ab67616d0000b2738d2812ce4b9d9eb009711000', 'width': 300}, {'height': 60, 'url': 'https://mosaic.scdn.co/60/ab67616d0000b27300388d66c87c2c0033849bfdab67616d0000b27342039116200b5d258214f685ab67616d0000b273478d93d193f61f421d32ccf7ab67616d0000b2738d2812ce4b9d9eb009711000', 'width': 60}]",blavk,"{'display_name': 'Kiefer Smith', 'external_urls': {'spotify': 'https://open.spotify.com/user/124528315'}, 'href': 'https://api.spotify.com/v1/users/124528315', 'id': '124528315', 'type': 'user', 'uri': 'spotify:user:124528315'}",,True,MzM0LDE5Y2I1NzM3NGFlYTQ4ODY2OGJhODhjMmUxM2JmMWQ4NjdiYzRjZDU=,"{'href': 'https://api.spotify.com/v1/playlists/0LWUCd9ysTC29tLI8qgXxM/tracks', 'total': 244}",playlist,spotify:playlist:0LWUCd9ysTC29tLI8qgXxM
45,False,,{'spotify': 'https://open.spotify.com/playlist/0Llup573nie4iJoAmhbB5Y'},https://api.spotify.com/v1/playlists/0Llup573nie4iJoAmhbB5Y,0Llup573nie4iJoAmhbB5Y,"[{'height': 640, 'url': 'https://mosaic.scdn.co/640/ab67616d0000b273912aca3546a4e7270354a7d7ab67616d0000b2739f39192f9f8ca1c90847b3e5ab67616d0000b273dfe4bfe695c4192e547e72c7ab67616d0000b273ed1a8256220c99c14a580db7', 'width': 640}, {'height': 300, 'url': 'https://mosaic.scdn.co/300/ab67616d0000b273912aca3546a4e7270354a7d7ab67616d0000b2739f39192f9f8ca1c90847b3e5ab67616d0000b273dfe4bfe695c4192e547e72c7ab67616d0000b273ed1a8256220c99c14a580db7', 'width': 300}, {'height': 60, 'url': 'https://mosaic.scdn.co/60/ab67616d0000b273912aca3546a4e7270354a7d7ab67616d0000b2739f39192f9f8ca1c90847b3e5ab67616d0000b273dfe4bfe695c4192e547e72c7ab67616d0000b273ed1a8256220c99c14a580db7', 'width': 60}]",🍺,"{'display_name': 'Kiefer Smith', 'external_urls': {'spotify': 'https://open.spotify.com/user/124528315'}, 'href': 'https://api.spotify.com/v1/users/124528315', 'id': '124528315', 'type': 'user', 'uri': 'spotify:user:124528315'}",,False,NDksYzI1M2U5NTIxMzJjNzI2MjJhYWQ5ZmIyNjM5MTZmYjcwMDRiMjM1MQ==,"{'href': 'https://api.spotify.com/v1/playlists/0Llup573nie4iJoAmhbB5Y/tracks', 'total': 28}",playlist,spotify:playlist:0Llup573nie4iJoAmhbB5Y
46,False,,{'spotify': 'https://open.spotify.com/playlist/6FZQHb7aqvejKAh3WkMrsz'},https://api.spotify.com/v1/playlists/6FZQHb7aqvejKAh3WkMrsz,6FZQHb7aqvejKAh3WkMrsz,"[{'height': 640, 'url': 'https://mosaic.scdn.co/640/ab67616d0000b27323bff60d86e2b2a8c860bf10ab67616d0000b2738656f56c046ad8f53913eae9ab67616d0000b273deac5adf07affb5fec422701ab67616d0000b273ef80826bd09f539c336c4361', 'width': 640}, {'height': 300, 'url': 'https://mosaic.scdn.co/300/ab67616d0000b27323bff60d86e2b2a8c860bf10ab67616d0000b2738656f56c046ad8f53913eae9ab67616d0000b273deac5adf07affb5fec422701ab67616d0000b273ef80826bd09f539c336c4361', 'width': 300}, {'height': 60, 'url': 'https://mosaic.scdn.co/60/ab67616d0000b27323bff60d86e2b2a8c860bf10ab67616d0000b2738656f56c046ad8f53913eae9ab67616d0000b273deac5adf07affb5fec422701ab67616d0000b273ef80826bd09f539c336c4361', 'width': 60}]",Liked from Radio,"{'display_name': 'Kiefer Smith', 'external_urls': {'spotify': 'https://open.spotify.com/user/124528315'}, 'href': 'https://api.spotify.com/v1/users/124528315', 'id': '124528315', 'type': 'user', 'uri': 'spotify:user:124528315'}",,False,MjEwLGY5OGNiYjdkN2EwODM5OTU3N2ViYmJkYjRjZmU5YjRhODljNjBiNjE=,"{'href': 'https://api.spotify.com/v1/playlists/6FZQHb7aqvejKAh3WkMrsz/tracks', 'total': 206}",playlist,spotify:playlist:6FZQHb7aqvejKAh3WkMrsz
47,False,,{'spotify': 'https://open.spotify.com/playlist/36pWKSUDfGaQ5EyXRzVtrQ'},https://api.spotify.com/v1/playlists/36pWKSUDfGaQ5EyXRzVtrQ,36pWKSUDfGaQ5EyXRzVtrQ,"[{'height': 640, 'url': 'https://mosaic.scdn.co/640/ab67616d0000b273819ab8998b63ed9b13869714ab67616d0000b273a5aef98a1762d0f64bb6ed9aab67616d0000b273d321448ad434d8177f422bcdab67616d0000b273e61e33f9dedd11b81b1d08d3', 'width': 640}, {'height': 300, 'url': 'https://mosaic.scdn.co/300/ab67616d0000b273819ab8998b63ed9b13869714ab67616d0000b273a5aef98a1762d0f64bb6ed9aab67616d0000b273d321448ad434d8177f422bcdab67616d0000b273e61e33f9dedd11b81b1d08d3', 'width': 300}, {'height': 60, 'url': 'https://mosaic.scdn.co/60/ab67616d0000b273819ab8998b63ed9b13869714ab67616d0000b273a5aef98a1762d0f64bb6ed9aab67616d0000b273d321448ad434d8177f422bcdab67616d0000b273e61e33f9dedd11b81b1d08d3', 'width': 60}]",meditate,"{'display_name': 'Kiefer Smith', 'external_urls': {'spotify': 'https://open.spotify.com/user/124528315'}, 'href': 'https://api.spotify.com/v1/users/124528315', 'id': '124528315', 'type': 'user', 'uri': 'spotify:user:124528315'}",,False,MTAyLGU1OGYzYzE2YzA1ODdjMDc2NWFhYThhM2ZkZDlmMzdmNzQ0NjhmYTk=,"{'href': 'https://api.spotify.com/v1/playlists/36pWKSUDfGaQ5EyXRzVtrQ/tracks', 'total': 88}",playlist,spotify:playlist:36pWKSUDfGaQ5EyXRzVtrQ
48,False,,{'spotify': 'https://open.spotify.com/playlist/1JUoLNrhdmqvK4NLPpXxKt'},https://api.spotify.com/v1/playlists/1JUoLNrhdmqvK4NLPpXxKt,1JUoLNrhdmqvK4NLPpXxKt,"[{'height': 640, 'url': 'https://mosaic.scdn.co/640/ab67616d0000b273045083e1e98aa14f5b070565ab67616d0000b273164c315ed97021ce19629524ab67616d0000b273906d311928311184865f032dab67616d0000b273fdf3c077c8e2d66d2f425b56', 'width': 640}, {'height': 300, 'url': 'https://mosaic.scdn.co/300/ab67616d0000b273045083e1e98aa14f5b070565ab67616d0000b273164c315ed97021ce19629524ab67616d0000b273906d311928311184865f032dab67616d0000b273fdf3c077c8e2d66d2f425b56', 'width': 300}, {'height': 60, 'url': 'https://mosaic.scdn.co/60/ab67616d0000b273045083e1e98aa14f5b070565ab67616d0000b273164c315ed97021ce19629524ab67616d0000b273906d311928311184865f032dab67616d0000b273fdf3c077c8e2d66d2f425b56', 'width': 60}]",listen to this,"{'display_name': 'Kiefer Smith', 'external_urls': {'spotify': 'https://open.spotify.com/user/124528315'}, 'href': 'https://api.spotify.com/v1/users/124528315', 'id': '124528315', 'type': 'user', 'uri': 'spotify:user:124528315'}",,False,MTE5LDc1ZjU0MzY1YjIwNTMyNGRjNmUwZTFkYTJmZTllNzRlZTZlNzZjY2E=,"{'href': 'https://api.spotify.com/v1/playlists/1JUoLNrhdmqvK4NLPpXxKt/tracks', 'total': 82}",playlist,spotify:playlist:1JUoLNrhdmqvK4NLPpXxKt
49,False,,{'spotify': 'https://open.spotify.com/playlist/6vfXiRK6Uh3RAoZUGKBwco'},https://api.spotify.com/v1/playlists/6vfXiRK6Uh3RAoZUGKBwco,6vfXiRK6Uh3RAoZUGKBwco,"[{'height': 640, 'url': 'https://mosaic.scdn.co/640/ab67616d0000b2730b1a128867e27ffc617e8a6eab67616d0000b27314c6e841149d53ea0a968c96ab67616d0000b273532391d63cfd6d32677f7af6ab67616d0000b273e2519b8415b4283ba0884d57', 'width': 640}, {'height': 300, 'url': 'https://mosaic.scdn.co/300/ab67616d0000b2730b1a128867e27ffc617e8a6eab67616d0000b27314c6e841149d53ea0a968c96ab67616d0000b273532391d63cfd6d32677f7af6ab67616d0000b273e2519b8415b4283ba0884d57', 'width': 300}, {'height': 60, 'url': 'https://mosaic.scdn.co/60/ab67616d0000b2730b1a128867e27ffc617e8a6eab67616d0000b27314c6e841149d53ea0a968c96ab67616d0000b273532391d63cfd6d32677f7af6ab67616d0000b273e2519b8415b4283ba0884d57', 'width': 60}]",hm,"{'display_name': 'Kiefer Smith', 'external_urls': {'spotify': 'https://open.spotify.com/user/124528315'}, 'href': 'https://api.spotify.com/v1/users/124528315', 'id': '124528315', 'type': 'user', 'uri': 'spotify:user:124528315'}",,False,MjksOGE5OWE2MGRlMmZhZmRhYTM0OTA3ZGZhNzIwN2NhZDA2NDRlMGEwYw==,"{'href': 'https://api.spotify.com/v1/playlists/6vfXiRK6Uh3RAoZUGKBwco/tracks', 'total': 25}",playlist,spotify:playlist:6vfXiRK6Uh3RAoZUGKBwco
