,album,artists,available_markets,disc_number,duration_ms,explicit,external_ids,external_urls,href,id,is_local,name,popularity,preview_url,track_number,type,uri
0,"{'album_type': 'ALBUM', 'artists': [{'external_urls': {'spotify': 'https://open.spotify.com/artist/0eCB2pwtPnLywA4rxe4i4N'}, 'href': 'https://api.spotify.com/v1/artists/0eCB2pwtPnLywA4rxe4i4N', 'id': '0eCB2pwtPnLywA4rxe4i4N', 'name': 'Gatecreeper', 'type': 'artist', 'uri': 'spotify:artist:0eCB2pwtPnLywA4rxe4i4N'}], 'available_markets': ['AD', 'AE', 'AR', 'AT', 'AU', 'BE', 'BG', 'BH', 'BO', 'BR', 'CA', 'CH', 'CL', 'CO', 'CR', 'CY', 'CZ', 'DE', 'DK', 'DO', 'DZ', 'EC', 'EE', 'EG', 'ES', 'FI', 'FR', 'GB', 'GR', 'GT', 'HK', 'HN', 'HU', 'ID', 'IE', 'IL', 'IN', 'IS', 'IT', 'JO', 'JP', 'KW', 'LB', 'LI', 'LT', 'LU', 'LV', 'MA', 'MC', 'MT', 'MX', 'MY', 'NI', 'NL', 'NO', 'NZ', 'OM', 'PA', 'PE', 'PH', 'PL', 'PS', 'PT', 'PY', 'QA', 'RO', 'SA', 'SE', 'SG', 'SK', 'SV', 'TH', 'TN', 'TR', 'TW', 'US', 'UY', 'VN', 'ZA'], 'external_urls': {'spotify': 'https://open.spotify.com/album/0zbbBJJE2O5O2x3zhbUqxt'}, 'href': 'https://api.spotify.com/v1/albums/0zbbBJJE2O5O2x3zhbUqxt', 'id': '0zbbBJJE2O5O2x3zhbUqxt', 'images': [{'height': 640, 'url': 'https://i.scdn.co/image/ab67616d0000b273f647a975613e09cc965206c2', 'width': 640}, {'height': 300, 'url': 'https://i.scdn.co/image/ab67616d00001e02f647a975613e09cc965206c2', 'width': 300}, {'height': 64, 'url': 'https://i.scdn.co/image/ab67616d00004851f647a975613e09cc965206c2', 'width': 64}], 'name': 'Deserted', 'release_date': '2019-10-04', 'release_date_precision': 'day', 'total_tracks': 0, 'type': 'album', 'uri': 'spotify:album:0zbbBJJE2O5O2x3zhbUqxt'}","[{'external_urls': {'spotify': 'https://open.spotify.com/artist/0eCB2pwtPnLywA4rxe4i4N'}, 'href': 'https://api.spotify.com/v1/artists/0eCB2pwtPnLywA4rxe4i4N', 'id': '0eCB2pwtPnLywA4rxe4i4N', 'name': 'Gatecreeper', 'type': 'artist', 'uri': 'spotify:artist:0eCB2pwtPnLywA4rxe4i4N'}]","['AD', 'AE', 'AR', 'AT', 'AU', 'BE', 'BG', 'BH', 'BO', 'BR', 'CA', 'CH', 'CL', 'CO', 'CR', 'CY', 'CZ', 'DE', 'DK', 'DO', 'DZ', 'EC', 'EE', 'EG', 'ES', 'FI', 'FR', 'GB', 'GR', 'GT', 'HK', 'HN', 'HU', 'ID', 'IE', 'IL', 'IN', 'IS', 'IT', 'JO', 'JP', 'KW', 'LB', 'LI', 'LT', 'LU', 'LV', 'MA', 'MC', 'MT', 'MX', 'MY', 'NI', 'NL', 'NO', 'NZ', 'OM', 'PA', 'PE', 'PH', 'PL', 'PS', 'PT', 'PY', 'QA', 'RO', 'SA', 'SE', 'SG', 'SK', 'SV', 'TH', 'TN', 'TR', 'TW', 'US', 'UY', 'VN', 'ZA']",1.0,239720.0,0.0,{'isrc': 'US2641943503'},{'spotify': 'https://open.spotify.com/track/2DcfxCoU8ICZ4RYzJSoaDH'},https://api.spotify.com/v1/tracks/2DcfxCoU8ICZ4RYzJSoaDH,2DcfxCoU8ICZ4RYzJSoaDH,0.0,From the Ashes,36.0,https://p.scdn.co/mp3-preview/daba97e0e8b8f353c0bd5a03da0951aa3cc9bf64?cid=3a5a7e73cd16469bb411957e65ce1d3d,3.0,track,spotify:track:2DcfxCoU8ICZ4RYzJSoaDH
1,"{'album_type': 'ALBUM', 'artists': [{'external_urls': {'spotify': 'https://open.spotify.com/artist/3ggwAqZD3lyT2sbovlmfQY'}, 'href': 'https://api.spotify.com/v1/artists/3ggwAqZD3lyT2sbovlmfQY', 'id': '3ggwAqZD3lyT2sbovlmfQY', 'name': 'Meshuggah', 'type': 'artist', 'uri': 'spotify:artist:3ggwAqZD3lyT2sbovlmfQY'}], 'available_markets': ['AD', 'AE', 'AR', 'AT', 'AU', 'BE', 'BG', 'BH', 'BO', 'BR', 'CA', 'CH', 'CL', 'CO', 'CR', 'CY', 'CZ', 'DE', 'DK', 'DO', 'DZ', 'EC', 'EE', 'EG', 'ES', 'FI', 'FR', 'GB', 'GR', 'GT', 'HK', 'HN', 'HU', 'ID', 'IE', 'IL', 'IN', 'IS', 'IT', 'JO', 'JP', 'KW', 'LB', 'LI', 'LT', 'LU', 'LV', 'MA', 'MC', 'MT', 'MX', 'MY', 'NI', 'NL', 'NO', 'NZ', 'OM', 'PA', 'PE', 'PH', 'PL', 'PS', 'PT', 'PY', 'QA', 'RO', 'SA', 'SE', 'SG', 'SK', 'SV', 'TH', 'TN', 'TR', 'TW', 'US', 'UY', 'VN', 'ZA'], 'external_urls': {'spotify': 'https://open.spotify.com/album/5QElF4iyeMTrQlJ0I3OqIs'}, 'href': 'https://api.spotify.com/v1/albums/5QElF4iyeMTrQlJ0I3OqIs', 'id': '5QElF4iyeMTrQlJ0I3OqIs', 'images': [{'height': 640, 'url': 'https://i.scdn.co/image/ab67616d0000b2736c1b1e3009d0f4fd81c5a4b9', 'width': 640}, {'height': 300, 'url': 'https://i.scdn.co/image/ab67616d00001e026c1b1e3009d0f4fd81c5a4b9', 'width': 300}, {'height': 64, 'url': 'https://i.scdn.co/image/ab67616d000048516c1b1e3009d0f4fd81c5a4b9', 'width': 64}], 'name': 'Koloss', 'release_date': '2012-03-23', 'release_date_precision': 'day', 'total_tracks': 0, 'type': 'album', 'uri': 'spotify:album:5QElF4iyeMTrQlJ0I3OqIs'}","[{'external_urls': {'spotify': 'https://open.spotify.com/artist/3ggwAqZD3lyT2sbovlmfQY'}, 'href': 'https://api.spotify.com/v1/artists/3ggwAqZD3lyT2sbovlmfQY', 'id': '3ggwAqZD3lyT2sbovlmfQY', 'name': 'Meshuggah', 'type': 'artist', 'uri': 'spotify:artist:3ggwAqZD3lyT2sbovlmfQY'}]","['AD', 'AE', 'AR', 'AT', 'AU', 'BE', 'BG', 'BH', 'BO', 'BR', 'CA', 'CH', 'CL', 'CO', 'CR', 'CY', 'CZ', 'DE', 'DK', 'DO', 'DZ', 'EC', 'EE', 'EG', 'ES', 'FI', 'FR', 'GB', 'GR', 'GT', 'HK', 'HN', 'HU', 'ID', 'IE', 'IL', 'IN', 'IS', 'IT', 'JO', 'JP', 'KW', 'LB', 'LI', 'LT', 'LU', 'LV', 'MA', 'MC', 'MT', 'MX', 'MY', 'NI', 'NL', 'NO', 'NZ', 'OM', 'PA', 'PE', 'PH', 'PL', 'PS', 'PT', 'PY', 'QA', 'RO', 'SA', 'SE', 'SG', 'SK', 'SV', 'TH', 'TN', 'TR', 'TW', 'US', 'UY', 'VN', 'ZA']",1.0,372866.0,0.0,{'isrc': 'DED831100752'},{'spotify': 'https://open.spotify.com/track/6NxjhUOm66qaQjeCkUUQ0R'},https://api.spotify.com/v1/tracks/6NxjhUOm66qaQjeCkUUQ0R,6NxjhUOm66qaQjeCkUUQ0R,0.0,Demiurge,50.0,https://p.scdn.co/mp3-preview/b1afb9b5f9aa2ab7e0d9515ffb59c796a4d001c5?cid=3a5a7e73cd16469bb411957e65ce1d3d,9.0,track,spotify:track:6NxjhUOm66qaQjeCkUUQ0R
2,"{'album_type': 'ALBUM', 'artists': [{'external_urls': {'spotify': 'https://open.spotify.com/artist/4YTVF2l3v9pGQz1QbUfg2q'}, 'href': 'https://api.spotify.com/v1/artists/4YTVF2l3v9pGQz1QbUfg2q', 'id': '4YTVF2l3v9pGQz1QbUfg2q', 'name': 'Dust Bolt', 'type': 'artist', 'uri': 'spotify:artist:4YTVF2l3v9pGQz1QbUfg2q'}], 'available_markets': ['AD', 'AE', 'AR', 'AT', 'AU', 'BE', 'BG', 'BH', 'BO', 'BR', 'CA', 'CH', 'CL', 'CO', 'CR', 'CY', 'CZ', 'DE', 'DK', 'DO', 'DZ', 'EC', 'EE', 'EG', 'ES', 'FI', 'FR', 'GB', 'GR', 'GT', 'HK', 'HN', 'HU', 'ID', 'IE', 'IL', 'IN', 'IS', 'IT', 'JO', 'JP', 'KW', 'LB', 'LI', 'LT', 'LU', 'LV', 'MA', 'MC', 'MT', 'MX', 'MY', 'NI', 'NL', 'NO', 'NZ', 'OM', 'PA', 'PE', 'PH', 'PL', 'PS', 'PT', 'PY', 'QA', 'RO', 'SA', 'SE', 'SG', 'SK', 'SV', 'TH', 'TN', 'TR', 'TW', 'US', 'UY', 'VN', 'ZA'], 'external_urls': {'spotify': 'https://open.spotify.com/album/0mI0QAbQ9YPqXNLciRozf1'}, 'href': 'https://api.spotify.com/v1/albums/0mI0QAbQ9YPqXNLciRozf1', 'id': '0mI0QAbQ9YPqXNLciRozf1', 'images': [{'height': 640, 'url': 'https://i.scdn.co/image/ab67616d0000b273885f592461dff4fe5a15f155', 'width': 640}, {'height': 300, 'url': 'https://i.scdn.co/image/ab67616d00001e02885f592461dff4fe5a15f155', 'width': 300}, {'height': 64, 'url': 'https://i.scdn.co/image/ab67616d00004851885f592461dff4fe5a15f155', 'width': 64}], 'name': 'Trapped In Chaos', 'release_date': '2019-01-18', 'release_date_precision': 'day', 'total_tracks': 0, 'type': 'album', 'uri': 'spotify:album:0mI0QAbQ9YPqXNLciRozf1'}","[{'external_urls': {'spotify': 'https://open.spotify.com/artist/4YTVF2l3v9pGQz1QbUfg2q'}, 'href': 'https://api.spotify.com/v1/artists/4YTVF2l3v9pGQz1QbUfg2q', 'id': '4YTVF2l3v9pGQz1QbUfg2q', 'name': 'Dust Bolt', 'type': 'artist', 'uri': 'spotify:artist:4YTVF2l3v9pGQz1QbUfg2q'}]","['AT', 'CH', 'DE']",1.0,316930.0,0.0,{'isrc': 'ATN261880004'},{'spotify': 'https://open.spotify.com/track/6kGLLzzmgKKXAj4kYbUaP4'},https://api.spotify.com/v1/tracks/6kGLLzzmgKKXAj4kYbUaP4,6kGLLzzmgKKXAj4kYbUaP4,0.0,Bloody Rain,19.0,,4.0,track,spotify:track:6kGLLzzmgKKXAj4kYbUaP4
3,"{'album_type': 'ALBUM', 'artists': [{'external_urls': {'spotify': 'https://open.spotify.com/artist/28hJdGN1Awf7u3ifk2lVkg'}, 'href': 'https://api.spotify.com/v1/artists/28hJdGN1Awf7u3ifk2lVkg', 'id': '28hJdGN1Awf7u3ifk2lVkg', 'name': 'Testament', 'type': 'artist', 'uri': 'spotify:artist:28hJdGN1Awf7u3ifk2lVkg'}], 'available_markets': ['AD', 'AE', 'AR', 'AT', 'AU', 'BE', 'BG', 'BH', 'BO', 'BR', 'CA', 'CH', 'CL', 'CO', 'CR', 'CY', 'CZ', 'DE', 'DK', 'DO', 'DZ', 'EC', 'EE', 'EG', 'ES', 'FI', 'FR', 'GB', 'GR', 'GT', 'HK', 'HN', 'HU', 'ID', 'IE', 'IL', 'IN', 'IS', 'IT', 'JO', 'JP', 'KW', 'LB', 'LI', 'LT', 'LU', 'LV', 'MA', 'MC', 'MT', 'MX', 'MY', 'NI', 'NL', 'NO', 'NZ', 'OM', 'PA', 'PE', 'PH', 'PL', 'PS', 'PT', 'PY', 'QA', 'RO', 'SA', 'SE', 'SG', 'SK', 'SV', 'TH', 'TN', 'TR', 'TW', 'US', 'UY', 'VN', 'ZA'], 'external_urls': {'spotify': 'https://open.spotify.com/album/6YXf0vbjFhURCPUewYhVWE'}, 'href': 'https://api.spotify.com/v1/albums/6YXf0vbjFhURCPUewYhVWE', 'id': '6YXf0vbjFhURCPUewYhVWE', 'images': [{'height': 640, 'url': 'https://i.scdn.co/image/ab67616d0000b27366cc5ccc3c9a8c45a8831682', 'width': 640}, {'height': 300, 'url': 'https://i.scdn.co/image/ab67616d00001e0266cc5ccc3c9a8c45a8831682', 'width': 300}, {'height': 64, 'url': 'https://i.scdn.co/image/ab67616d0000485166cc5ccc3c9a8c45a8831682', 'width': 64}], 'name': 'The Ritual', 'release_date': '1992-04-28', 'release_date_precision': 'day', 'total_tracks': 0, 'type': 'album', 'uri': 'spotify:album:6YXf0vbjFhURCPUewYhVWE'}","[{'external_urls': {'spotify': 'https://open.spotify.com/artist/28hJdGN1Awf7u3ifk2lVkg'}, 'href': 'https://api.spotify.com/v1/artists/28hJdGN1Awf7u3ifk2lVkg', 'id': '28hJdGN1Awf7u3ifk2lVkg', 'name': 'Testament', 'type': 'artist', 'uri': 'spotify:artist:28hJdGN1Awf7u3ifk2lVkg'}]","['AD', 'AE', 'AR', 'AT', 'AU', 'BE', 'BG', 'BH', 'BO', 'BR', 'CA', 'CH', 'CL', 'CO', 'CR', 'CY', 'CZ', 'DE', 'DK', 'DO', 'DZ', 'EC', 'EE', 'EG', 'ES', 'FI', 'FR', 'GB', 'GR', 'GT', 'HK', 'HN', 'HU', 'ID', 'IE', 'IL', 'IN', 'IS', 'IT', 'JO', 'JP', 'KW', 'LB', 'LI', 'LT', 'LU', 'LV', 'MA', 'MC', 'MT', 'MX', 'MY', 'NI', 'NL', 'NO', 'NZ', 'OM', 'PA', 'PE', 'PH', 'PL', 'PS', 'PT', 'PY', 'QA', 'RO', 'SA', 'SE', 'SG', 'SK', 'SV', 'TH', 'TN', 'TR', 'TW', 'US', 'UY', 'VN', 'ZA']",1.0,330226.0,0.0,{'isrc': 'USAT20003030'},{'spotify': 'https://open.spotify.com/track/5gnjaZqOaqE5GZKjby8KoT'},https://api.spotify.com/v1/tracks/5gnjaZqOaqE5GZKjby8KoT,5gnjaZqOaqE5GZKjby8KoT,0.0,Electric Crown,51.0,https://p.scdn.co/mp3-preview/6962417f84cf9324685b8d688893fc82fcfd43db?cid=3a5a7e73cd16469bb411957e65ce1d3d,2.0,track,spotify:track:5gnjaZqOaqE5GZKjby8KoT
4,"{'album_type': 'ALBUM', 'artists': [{'external_urls': {'spotify': 'https://open.spotify.com/artist/6OITsYO1BqjC0VIF6yGFOc'}, 'href': 'https://api.spotify.com/v1/artists/6OITsYO1BqjC0VIF6yGFOc', 'id': '6OITsYO1BqjC0VIF6yGFOc', 'name': 'Aversions Crown', 'type': 'artist', 'uri': 'spotify:artist:6OITsYO1BqjC0VIF6yGFOc'}], 'available_markets': ['AD', 'AE', 'AR', 'AT', 'AU', 'BE', 'BG', 'BH', 'BO', 'BR', 'CA', 'CH', 'CL', 'CO', 'CR', 'CY', 'CZ', 'DE', 'DK', 'DO', 'DZ', 'EC', 'EE', 'EG', 'ES', 'FI', 'FR', 'GB', 'GR', 'GT', 'HK', 'HN', 'HU', 'ID', 'IE', 'IL', 'IN', 'IS', 'IT', 'JO', 'JP', 'KW', 'LB', 'LI', 'LT', 'LU', 'LV', 'MA', 'MC', 'MT', 'MX', 'MY', 'NI', 'NL', 'NO', 'NZ', 'OM', 'PA', 'PE', 'PH', 'PL', 'PS', 'PT', 'PY', 'QA', 'RO', 'SA', 'SE', 'SG', 'SK', 'SV', 'TH', 'TN', 'TR', 'TW', 'US', 'UY', 'VN', 'ZA'], 'external_urls': {'spotify': 'https://open.spotify.com/album/7wCn1CBUhuPjDlFEhWa7po'}, 'href': 'https://api.spotify.com/v1/albums/7wCn1CBUhuPjDlFEhWa7po', 'id': '7wCn1CBUhuPjDlFEhWa7po', 'images': [{'height': 640, 'url': 'https://i.scdn.co/image/ab67616d0000b273cd2c393ea14117aaf794ee72', 'width': 640}, {'height': 300, 'url': 'https://i.scdn.co/image/ab67616d00001e02cd2c393ea14117aaf794ee72', 'width': 300}, {'height': 64, 'url': 'https://i.scdn.co/image/ab67616d00004851cd2c393ea14117aaf794ee72', 'width': 64}], 'name': 'Xenocide', 'release_date': '2017-01-20', 'release_date_precision': 'day', 'total_tracks': 0, 'type': 'album', 'uri': 'spotify:album:7wCn1CBUhuPjDlFEhWa7po'}","[{'external_urls': {'spotify': 'https://open.spotify.com/artist/6OITsYO1BqjC0VIF6yGFOc'}, 'href': 'https://api.spotify.com/v1/artists/6OITsYO1BqjC0VIF6yGFOc', 'id': '6OITsYO1BqjC0VIF6yGFOc', 'name': 'Aversions Crown', 'type': 'artist', 'uri': 'spotify:artist:6OITsYO1BqjC0VIF6yGFOc'}]","['AD', 'AE', 'AR', 'AT', 'AU', 'BE', 'BG', 'BH', 'BO', 'BR', 'CA', 'CH', 'CL', 'CO', 'CR', 'CY', 'CZ', 'DE', 'DK', 'DO', 'DZ', 'EC', 'EE', 'EG', 'ES', 'FI', 'FR', 'GB', 'GR', 'GT', 'HK', 'HN', 'HU', 'ID', 'IE', 'IL', 'IN', 'IS', 'IT', 'JO', 'JP', 'KW', 'LB', 'LI', 'LT', 'LU', 'LV', 'MA', 'MC', 'MT', 'MX', 'MY', 'NI', 'NL', 'NO', 'NZ', 'OM', 'PA', 'PE', 'PH', 'PL', 'PS', 'PT', 'PY', 'QA', 'RO', 'SA', 'SE', 'SG', 'SK', 'SV', 'TH', 'TN', 'TR', 'TW', 'US', 'UY', 'VN', 'ZA']",1.0,254316.0,0.0,{'isrc': 'DED831601477'},{'spotify': 'https://open.spotify.com/track/0ymSV3rbBr6jfNl44twiOb'},https://api.spotify.com/v1/tracks/0ymSV3rbBr6jfNl44twiOb,0ymSV3rbBr6jfNl44twiOb,0.0,Erebus,37.0,https://p.scdn.co/mp3-preview/c4884269f661bd15c4c0d99b1a4e081619d11896?cid=3a5a7e73cd16469bb411957e65ce1d3d,5.0,track,spotify:track:0ymSV3rbBr6jfNl44twiOb
5,"{'album_type': 'ALBUM', 'artists': [{'external_urls': {'spotify': 'https://open.spotify.com/artist/5Vy1NbrZXTMTAGFa4Im6hN'}, 'href': 'https://api.spotify.com/v1/artists/5Vy1NbrZXTMTAGFa4Im6hN', 'id': '5Vy1NbrZXTMTAGFa4Im6hN', 'name': 'Lost Society', 'type': 'artist', 'uri': 'spotify:artist:5Vy1NbrZXTMTAGFa4Im6hN'}], 'available_markets': ['AD', 'AE', 'AR', 'AT', 'AU', 'BE', 'BG', 'BH', 'BO', 'BR', 'CA', 'CH', 'CL', 'CO', 'CR', 'CY', 'CZ', 'DE', 'DK', 'DO', 'DZ', 'EC', 'EE', 'EG', 'ES', 'FI', 'FR', 'GB', 'GR', 'GT', 'HK', 'HN', 'HU', 'ID', 'IE', 'IL', 'IN', 'IS', 'IT', 'JO', 'JP', 'KW', 'LB', 'LI', 'LT', 'LU', 'LV', 'MA', 'MC', 'MT', 'MX', 'MY', 'NI', 'NL', 'NO', 'NZ', 'OM', 'PA', 'PE', 'PH', 'PL', 'PS', 'PT', 'PY', 'QA', 'RO', 'SA', 'SE', 'SG', 'SK', 'SV', 'TH', 'TN', 'TR', 'TW', 'US', 'UY', 'VN', 'ZA'], 'external_urls': {'spotify': 'https://open.spotify.com/album/7Jr3AHWcPDUAQx3gGFO4lD'}, 'href': 'https://api.spotify.com/v1/albums/7Jr3AHWcPDUAQx3gGFO4lD', 'id': '7Jr3AHWcPDUAQx3gGFO4lD', 'images': [{'height': 640, 'url': 'https://i.scdn.co/image/ab67616d0000b273b1aa04f3d6387704ef410e8d', 'width': 640}, {'height': 300, 'url': 'https://i.scdn.co/image/ab67616d00001e02b1aa04f3d6387704ef410e8d', 'width': 300}, {'height': 64, 'url': 'https://i.scdn.co/image/ab67616d00004851b1aa04f3d6387704ef410e8d', 'width': 64}], 'name': 'No Absolution', 'release_date': '2020-02-21', 'release_date_precision': 'day', 'total_tracks': 0, 'type': 'album', 'uri': 'spotify:album:7Jr3AHWcPDUAQx3gGFO4lD'}","[{'external_urls': {'spotify': 'https://open.spotify.com/artist/5Vy1NbrZXTMTAGFa4Im6hN'}, 'href': 'https://api.spotify.com/v1/artists/5Vy1NbrZXTMTAGFa4Im6hN', 'id': '5Vy1NbrZXTMTAGFa4Im6hN', 'name': 'Lost Society', 'type': 'artist', 'uri': 'spotify:artist:5Vy1NbrZXTMTAGFa4Im6hN'}]","['AD', 'AE', 'AR', 'AT', 'AU', 'BE', 'BG', 'BH', 'BO', 'BR', 'CA', 'CH', 'CL', 'CO', 'CR', 'CY', 'CZ', 'DE', 'DK', 'DO', 'DZ', 'EC', 'EE', 'EG', 'ES', 'FI', 'FR', 'GB', 'GR', 'GT', 'HK', 'HN', 'HU', 'ID', 'IE', 'IL', 'IN', 'IS', 'IT', 'JO', 'JP', 'KW', 'LB', 'LI', 'LT', 'LU', 'LV', 'MA', 'MC', 'MT', 'MX', 'MY', 'NI', 'NL', 'NO', 'NZ', 'OM', 'PA', 'PE', 'PH', 'PL', 'PS', 'PT', 'PY', 'QA', 'RO', 'SA', 'SE', 'SG', 'SK', 'SV', 'TH', 'TN', 'TR', 'TW', 'US', 'UY', 'VN', 'ZA']",1.0,303480.0,0.0,{'isrc': 'FIGBE1900002'},{'spotify': 'https://open.spotify.com/track/55MC8XAbjz9BMWxnuCNMP9'},https://api.spotify.com/v1/tracks/55MC8XAbjz9BMWxnuCNMP9,55MC8XAbjz9BMWxnuCNMP9,0.0,Deliver Me,38.0,https://p.scdn.co/mp3-preview/a34dd40da0c7c9a8c82cc6280652f11fa41fc52c?cid=3a5a7e73cd16469bb411957e65ce1d3d,10.0,track,spotify:track:55MC8XAbjz9BMWxnuCNMP9
6,"{'album_type': 'ALBUM', 'artists': [{'external_urls': {'spotify': 'https://open.spotify.com/artist/1XRhUgCyzIdeT8d9KMfeDR'}, 'href': 'https://api.spotify.com/v1/artists/1XRhUgCyzIdeT8d9KMfeDR', 'id': '1XRhUgCyzIdeT8d9KMfeDR', 'name': 'Aborted', 'type': 'artist', 'uri': 'spotify:artist:1XRhUgCyzIdeT8d9KMfeDR'}], 'available_markets': ['AD', 'AE', 'AR', 'AT', 'AU', 'BE', 'BG', 'BH', 'BO', 'BR', 'CA', 'CH', 'CL', 'CO', 'CR', 'CY', 'CZ', 'DE', 'DK', 'DO', 'DZ', 'EC', 'EE', 'EG', 'ES', 'FI', 'FR', 'GB', 'GR', 'GT', 'HK', 'HN', 'HU', 'ID', 'IE', 'IL', 'IN', 'IS', 'IT', 'JO', 'JP', 'KW', 'LB', 'LI', 'LT', 'LU', 'LV', 'MA', 'MC', 'MT', 'MX', 'MY', 'NI', 'NL', 'NO', 'NZ', 'OM', 'PA', 'PE', 'PH', 'PL', 'PS', 'PT', 'PY', 'QA', 'RO', 'SA', 'SE', 'SG', 'SK', 'SV', 'TH', 'TN', 'TR', 'TW', 'US', 'UY', 'VN', 'ZA'], 'external_urls': {'spotify': 'https://open.spotify.com/album/27xwKH56493UoaSsK3k6Sh'}, 'href': 'https://api.spotify.com/v1/albums/27xwKH56493UoaSsK3k6Sh', 'id': '27xwKH56493UoaSsK3k6Sh', 'images': [{'height': 640, 'url': 'https://i.scdn.co/image/ab67616d0000b273e047bd108592a6089281da10', 'width': 640}, {'height': 300, 'url': 'https://i.scdn.co/image/ab67616d00001e02e047bd108592a6089281da10', 'width': 300}, {'height': 64, 'url': 'https://i.scdn.co/image/ab67616d00004851e047bd108592a6089281da10', 'width': 64}], 'name': 'TerrorVision', 'release_date': '2018-09-21', 'release_date_precision': 'day', 'total_tracks': 0, 'type': 'album', 'uri': 'spotify:album:27xwKH56493UoaSsK3k6Sh'}","[{'external_urls': {'spotify': 'https://open.spotify.com/artist/1XRhUgCyzIdeT8d9KMfeDR'}, 'href': 'https://api.spotify.com/v1/artists/1XRhUgCyzIdeT8d9KMfeDR', 'id': '1XRhUgCyzIdeT8d9KMfeDR', 'name': 'Aborted', 'type': 'artist', 'uri': 'spotify:artist:1XRhUgCyzIdeT8d9KMfeDR'}]","['AD', 'AE', 'AR', 'AT', 'AU', 'BE', 'BG', 'BH', 'BO', 'BR', 'CA', 'CH', 'CL', 'CO', 'CR', 'CY', 'CZ', 'DE', 'DK', 'DO', 'DZ', 'EC', 'EE', 'EG', 'ES', 'FI', 'FR', 'GB', 'GR', 'GT', 'HK', 'HN', 'HU', 'ID', 'IE', 'IL', 'IN', 'IS', 'IT', 'JO', 'JP', 'KW', 'LB', 'LI', 'LT', 'LU', 'LV', 'MA', 'MC', 'MT', 'MX', 'MY', 'NI', 'NL', 'NO', 'NZ', 'OM', 'PA', 'PE', 'PH', 'PL', 'PS', 'PT', 'PY', 'QA', 'RO', 'SA', 'SE', 'SG', 'SK', 'SV', 'TH', 'TN', 'TR', 'TW', 'US', 'UY', 'VN', 'ZA']",1.0,360853.0,0.0,{'isrc': 'GBDHC1803904'},{'spotify': 'https://open.spotify.com/track/3ngjjPA1gAzuPxwEdtPLQN'},https://api.spotify.com/v1/tracks/3ngjjPA1gAzuPxwEdtPLQN,3ngjjPA1gAzuPxwEdtPLQN,0.0,Vespertine Decay,31.0,https://p.scdn.co/mp3-preview/edde4b805781eccadbe29d8e742fd1d307c75bff?cid=3a5a7e73cd16469bb411957e65ce1d3d,4.0,track,spotify:track:3ngjjPA1gAzuPxwEdtPLQN
7,"{'album_type': 'ALBUM', 'artists': [{'external_urls': {'spotify': 'https://open.spotify.com/artist/5fwaejlOHVBAw1KhIPPaQe'}, 'href': 'https://api.spotify.com/v1/artists/5fwaejlOHVBAw1KhIPPaQe', 'id': '5fwaejlOHVBAw1KhIPPaQe', 'name': 'Venom', 'type': 'artist', 'uri': 'spotify:artist:5fwaejlOHVBAw1KhIPPaQe'}], 'available_markets': ['AD', 'AE', 'AR', 'AT', 'AU', 'BE', 'BG', 'BH', 'BO', 'BR', 'CA', 'CH', 'CL', 'CO', 'CR', 'CY', 'CZ', 'DE', 'DK', 'DO', 'DZ', 'EC', 'EE', 'EG', 'ES', 'FI', 'FR', 'GB', 'GR', 'GT', 'HK', 'HN', 'HU', 'ID', 'IE', 'IL', 'IN', 'IS', 'IT', 'JO', 'JP', 'KW', 'LB', 'LI', 'LT', 'LU', 'LV', 'MA', 'MC', 'MT', 'MX', 'MY', 'NI', 'NL', 'NO', 'NZ', 'OM', 'PA', 'PE', 'PH', 'PL', 'PS', 'PT', 'PY', 'QA', 'RO', 'SA', 'SE', 'SG', 'SK', 'SV', 'TH', 'TN', 'TR', 'TW', 'US', 'UY', 'VN', 'ZA'], 'external_urls': {'spotify': 'https://open.spotify.com/album/5oxowPycWCoLyE5nf0ZGmX'}, 'href': 'https://api.spotify.com/v1/albums/5oxowPycWCoLyE5nf0ZGmX', 'id': '5oxowPycWCoLyE5nf0ZGmX', 'images': [{'height': 640, 'url': 'https://i.scdn.co/image/ab67616d0000b2737fe89832ca4d35b06fb36c26', 'width': 640}, {'height': 300, 'url': 'https://i.scdn.co/image/ab67616d00001e027fe89832ca4d35b06fb36c26', 'width': 300}, {'height': 64, 'url': 'https://i.scdn.co/image/ab67616d000048517fe89832ca4d35b06fb36c26', 'width': 64}], 'name': 'Welcome to Hell', 'release_date': '1981-01-01', 'release_date_precision': 'day', 'total_tracks': 0, 'type': 'album', 'uri': 'spotify:album:5oxowPycWCoLyE5nf0ZGmX'}","[{'external_urls': {'spotify': 'https://open.spotify.com/artist/5fwaejlOHVBAw1KhIPPaQe'}, 'href': 'https://api.spotify.com/v1/artists/5fwaejlOHVBAw1KhIPPaQe', 'id': '5fwaejlOHVBAw1KhIPPaQe', 'name': 'Venom', 'type': 'artist', 'uri': 'spotify:artist:5fwaejlOHVBAw1KhIPPaQe'}]","['AD', 'AE', 'AR', 'AT', 'AU', 'BE', 'BG', 'BH', 'BO', 'BR', 'CA', 'CH', 'CL', 'CO', 'CR', 'CY', 'CZ', 'DE', 'DK', 'DO', 'DZ', 'EC', 'EE', 'EG', 'ES', 'FI', 'FR', 'GB', 'GR', 'GT', 'HK', 'HN', 'HU', 'ID', 'IE', 'IL', 'IS', 'IT', 'JO', 'JP', 'KW', 'LB', 'LI', 'LT', 'LU', 'LV', 'MA', 'MC', 'MT', 'MX', 'MY', 'NI', 'NL', 'NO', 'NZ', 'OM', 'PA', 'PE', 'PH', 'PL', 'PS', 'PT', 'PY', 'QA', 'RO', 'SA', 'SE', 'SG', 'SK', 'SV', 'TH', 'TN', 'TR', 'TW', 'US', 'UY', 'VN', 'ZA']",1.0,193200.0,0.0,{'isrc': 'GBAJE8100091'},{'spotify': 'https://open.spotify.com/track/3xXdvIk3cI9BVjpKixwLKd'},https://api.spotify.com/v1/tracks/3xXdvIk3cI9BVjpKixwLKd,3xXdvIk3cI9BVjpKixwLKd,0.0,Welcome To Hell,48.0,https://p.scdn.co/mp3-preview/976503d1ce971620419e4244de7a2dac9c0e2d00?cid=3a5a7e73cd16469bb411957e65ce1d3d,2.0,track,spotify:track:3xXdvIk3cI9BVjpKixwLKd
8,"{'album_type': 'ALBUM', 'artists': [{'external_urls': {'spotify': 'https://open.spotify.com/artist/7eYmDBinb760MUIfoRdlGQ'}, 'href': 'https://api.spotify.com/v1/artists/7eYmDBinb760MUIfoRdlGQ', 'id': '7eYmDBinb760MUIfoRdlGQ', 'name': 'Bloodbath', 'type': 'artist', 'uri': 'spotify:artist:7eYmDBinb760MUIfoRdlGQ'}], 'available_markets': ['AD', 'AE', 'AR', 'AT', 'AU', 'BE', 'BG', 'BH', 'BO', 'BR', 'CA', 'CH', 'CL', 'CO', 'CR', 'CY', 'CZ', 'DE', 'DK', 'DO', 'DZ', 'EC', 'EE', 'EG', 'ES', 'FI', 'FR', 'GB', 'GR', 'GT', 'HK', 'HN', 'HU', 'ID', 'IE', 'IL', 'IN', 'IS', 'IT', 'JO', 'JP', 'KW', 'LB', 'LI', 'LT', 'LU', 'LV', 'MA', 'MC', 'MT', 'MX', 'MY', 'NI', 'NL', 'NO', 'NZ', 'OM', 'PA', 'PE', 'PH', 'PL', 'PS', 'PT', 'PY', 'QA', 'RO', 'SA', 'SE', 'SG', 'SK', 'SV', 'TH', 'TN', 'TR', 'TW', 'US', 'UY', 'VN', 'ZA'], 'external_urls': {'spotify': 'https://open.spotify.com/album/4FxwiAMgbsWgDXkrkxonQO'}, 'href': 'https://api.spotify.com/v1/albums/4FxwiAMgbsWgDXkrkxonQO', 'id': '4FxwiAMgbsWgDXkrkxonQO', 'images': [{'height': 640, 'url': 'https://i.scdn.co/image/ab67616d0000b273ca4f03dc108b1bce6d9d0708', 'width': 640}, {'height': 300, 'url': 'https://i.scdn.co/image/ab67616d00001e02ca4f03dc108b1bce6d9d0708', 'width': 300}, {'height': 64, 'url': 'https://i.scdn.co/image/ab67616d00004851ca4f03dc108b1bce6d9d0708', 'width': 64}], 'name': 'Resurrection Through Carnage', 'release_date': '2002-07-13', 'release_date_precision': 'day', 'total_tracks': 0, 'type': 'album', 'uri': 'spotify:album:4FxwiAMgbsWgDXkrkxonQO'}","[{'external_urls': {'spotify': 'https://open.spotify.com/artist/7eYmDBinb760MUIfoRdlGQ'}, 'href': 'https://api.spotify.com/v1/artists/7eYmDBinb760MUIfoRdlGQ', 'id': '7eYmDBinb760MUIfoRdlGQ', 'name': 'Bloodbath', 'type': 'artist', 'uri': 'spotify:artist:7eYmDBinb760MUIfoRdlGQ'}]","['AD', 'AE', 'AR', 'AT', 'AU', 'BE', 'BG', 'BH', 'BO', 'BR', 'CA', 'CH', 'CL', 'CO', 'CR', 'CY', 'CZ', 'DE', 'DK', 'DO', 'DZ', 'EC', 'EE', 'EG', 'ES', 'FI', 'FR', 'GB', 'GR', 'GT', 'HK', 'HN', 'HU', 'ID', 'IE', 'IL', 'IN', 'IS', 'IT', 'JO', 'JP', 'KW', 'LB', 'LI', 'LT', 'LU', 'LV', 'MA', 'MC', 'MT', 'MX', 'MY', 'NI', 'NL', 'NO', 'NZ', 'OM', 'PA', 'PE', 'PH', 'PL', 'PS', 'PT', 'PY', 'QA', 'RO', 'SA', 'SE', 'SG', 'SK', 'SV', 'TH', 'TN', 'TR', 'TW', 'US', 'UY', 'VN', 'ZA']",1.0,198973.0,0.0,{'isrc': 'US4E40615502'},{'spotify': 'https://open.spotify.com/track/48JUQCIgAO8lI8nfEXIYbS'},https://api.spotify.com/v1/tracks/48JUQCIgAO8lI8nfEXIYbS,48JUQCIgAO8lI8nfEXIYbS,0.0,So You Die,37.0,https://p.scdn.co/mp3-preview/a7c00dd51af65693eb23a5eeddf2e6df99c73e83?cid=3a5a7e73cd16469bb411957e65ce1d3d,2.0,track,spotify:track:48JUQCIgAO8lI8nfEXIYbS
9,"{'album_type': 'ALBUM', 'artists': [{'external_urls': {'spotify': 'https://open.spotify.com/artist/5lYOBorQmZgCCPxJYCjSmO'}, 'href': 'https://api.spotify.com/v1/artists/5lYOBorQmZgCCPxJYCjSmO', 'id': '5lYOBorQmZgCCPxJYCjSmO', 'name': 'Xentrix', 'type': 'artist', 'uri': 'spotify:artist:5lYOBorQmZgCCPxJYCjSmO'}], 'available_markets': ['AD', 'AE', 'AR', 'AT', 'AU', 'BE', 'BG', 'BH', 'BO', 'BR', 'CA', 'CH', 'CL', 'CO', 'CR', 'CY', 'CZ', 'DE', 'DK', 'DO', 'DZ', 'EC', 'EE', 'EG', 'ES', 'FI', 'FR', 'GB', 'GR', 'GT', 'HK', 'HN', 'HU', 'ID', 'IE', 'IL', 'IN', 'IS', 'IT', 'JO', 'JP', 'KW', 'LB', 'LI', 'LT', 'LU', 'LV', 'MA', 'MC', 'MT', 'MX', 'MY', 'NI', 'NL', 'NO', 'NZ', 'OM', 'PA', 'PE', 'PH', 'PL', 'PS', 'PT', 'PY', 'QA', 'RO', 'SA', 'SE', 'SG', 'SK', 'SV', 'TH', 'TN', 'TR', 'TW', 'US', 'UY', 'VN', 'ZA'], 'external_urls': {'spotify': 'https://open.spotify.com/album/6RgKLR44gnWGrl7D8QIafx'}, 'href': 'https://api.spotify.com/v1/albums/6RgKLR44gnWGrl7D8QIafx', 'id': '6RgKLR44gnWGrl7D8QIafx', 'images': [{'height': 640, 'url': 'https://i.scdn.co/image/ab67616d0000b273bc65ee3fc08998f1ccc58606', 'width': 640}, {'height': 300, 'url': 'https://i.scdn.co/image/ab67616d00001e02bc65ee3fc08998f1ccc58606', 'width': 300}, {'height': 64, 'url': 'https://i.scdn.co/image/ab67616d00004851bc65ee3fc08998f1ccc58606', 'width': 64}], 'name': 'For Whose Advantage?', 'release_date': '1990-08-21', 'release_date_precision': 'day', 'total_tracks': 0, 'type': 'album', 'uri': 'spotify:album:6RgKLR44gnWGrl7D8QIafx'}","[{'external_urls': {'spotify': 'https://open.spotify.com/artist/5lYOBorQmZgCCPxJYCjSmO'}, 'href': 'https://api.spotify.com/v1/artists/5lYOBorQmZgCCPxJYCjSmO', 'id': '5lYOBorQmZgCCPxJYCjSmO', 'name': 'Xentrix', 'type': 'artist', 'uri': 'spotify:artist:5lYOBorQmZgCCPxJYCjSmO'}]","['AD', 'AE', 'AR', 'AT', 'AU', 'BE', 'BG', 'BH', 'BO', 'BR', 'CA', 'CH', 'CL', 'CO', 'CR', 'CY', 'CZ', 'DE', 'DK', 'DO', 'DZ', 'EC', 'EE', 'EG', 'ES', 'FI', 'FR', 'GB', 'GR', 'GT', 'HK', 'HN', 'HU', 'ID', 'IE', 'IL', 'IN', 'IS', 'IT', 'JO', 'JP', 'KW', 'LB', 'LI', 'LT', 'LU', 'LV', 'MA', 'MC', 'MT', 'MX', 'MY', 'NI', 'NL', 'NO', 'NZ', 'OM', 'PA', 'PE', 'PH', 'PL', 'PS', 'PT', 'PY', 'QA', 'RO', 'SA', 'SE', 'SG', 'SK', 'SV', 'TH', 'TN', 'TR', 'TW', 'US', 'UY', 'VN', 'ZA']",1.0,381840.0,0.0,{'isrc': 'NLA321700322'},{'spotify': 'https://open.spotify.com/track/5T16AVpiP12pS4Yk95ZfPt'},https://api.spotify.com/v1/tracks/5T16AVpiP12pS4Yk95ZfPt,5T16AVpiP12pS4Yk95ZfPt,0.0,For Whose Advantage?,27.0,https://p.scdn.co/mp3-preview/a38371a479bdd799ec0296e93d0e14502b9fc224?cid=3a5a7e73cd16469bb411957e65ce1d3d,2.0,track,spotify:track:5T16AVpiP12pS4Yk95ZfPt
10,"{'album_type': 'ALBUM', 'artists': [{'external_urls': {'spotify': 'https://open.spotify.com/artist/3pulcT2wt7FEG10lQlqDJL'}, 'href': 'https://api.spotify.com/v1/artists/3pulcT2wt7FEG10lQlqDJL', 'id': '3pulcT2wt7FEG10lQlqDJL', 'name': 'Amon Amarth', 'type': 'artist', 'uri': 'spotify:artist:3pulcT2wt7FEG10lQlqDJL'}], 'available_markets': ['AD', 'AE', 'AR', 'AT', 'AU', 'BE', 'BG', 'BH', 'BO', 'BR', 'CA', 'CH', 'CL', 'CO', 'CR', 'CY', 'CZ', 'DE', 'DK', 'DO', 'DZ', 'EC', 'EE', 'EG', 'ES', 'FI', 'FR', 'GB', 'GR', 'GT', 'HK', 'HN', 'HU', 'ID', 'IE', 'IL', 'IN', 'IS', 'IT', 'JO', 'JP', 'KW', 'LB', 'LI', 'LT', 'LU', 'LV', 'MA', 'MC', 'MT', 'MX', 'MY', 'NI', 'NL', 'NO', 'NZ', 'OM', 'PA', 'PE', 'PH', 'PL', 'PS', 'PT', 'PY', 'QA', 'RO', 'SA', 'SE', 'SG', 'SK', 'SV', 'TH', 'TN', 'TR', 'TW', 'US', 'UY', 'VN', 'ZA'], 'external_urls': {'spotify': 'https://open.spotify.com/album/3cQfALGRSzDeohPsXkF6X3'}, 'href': 'https://api.spotify.com/v1/albums/3cQfALGRSzDeohPsXkF6X3', 'id': '3cQfALGRSzDeohPsXkF6X3', 'images': [{'height': 640, 'url': 'https://i.scdn.co/image/ab67616d0000b27372144ebe30f7aeb2b0e01aa9', 'width': 640}, {'height': 300, 'url': 'https://i.scdn.co/image/ab67616d00001e0272144ebe30f7aeb2b0e01aa9', 'width': 300}, {'height': 64, 'url': 'https://i.scdn.co/image/ab67616d0000485172144ebe30f7aeb2b0e01aa9', 'width': 64}], 'name': 'Deceiver of the Gods', 'release_date': '2013-06-25', 'release_date_precision': 'day', 'total_tracks': 0, 'type': 'album', 'uri': 'spotify:album:3cQfALGRSzDeohPsXkF6X3'}","[{'external_urls': {'spotify': 'https://open.spotify.com/artist/3pulcT2wt7FEG10lQlqDJL'}, 'href': 'https://api.spotify.com/v1/artists/3pulcT2wt7FEG10lQlqDJL', 'id': '3pulcT2wt7FEG10lQlqDJL', 'name': 'Amon Amarth', 'type': 'artist', 'uri': 'spotify:artist:3pulcT2wt7FEG10lQlqDJL'}]","['AD', 'AE', 'AR', 'AT', 'AU', 'BE', 'BG', 'BH', 'BO', 'BR', 'CA', 'CH', 'CL', 'CO', 'CR', 'CY', 'CZ', 'DE', 'DK', 'DO', 'DZ', 'EC', 'EE', 'EG', 'ES', 'FI', 'FR', 'GB', 'GR', 'GT', 'HK', 'HN', 'HU', 'ID', 'IE', 'IL', 'IN', 'IS', 'IT', 'JO', 'JP', 'KW', 'LB', 'LI', 'LT', 'LU', 'LV', 'MA', 'MC', 'MT', 'MX', 'MY', 'NI', 'NL', 'NO', 'NZ', 'OM', 'PA', 'PE', 'PH', 'PL', 'PS', 'PT', 'PY', 'QA', 'RO', 'SA', 'SE', 'SG', 'SK', 'SV', 'TH', 'TN', 'TR', 'TW', 'US', 'UY', 'VN', 'ZA']",1.0,259173.0,0.0,{'isrc': 'USMBR1309635'},{'spotify': 'https://open.spotify.com/track/7rb8JRuyMqJSBOSoaFMtCY'},https://api.spotify.com/v1/tracks/7rb8JRuyMqJSBOSoaFMtCY,7rb8JRuyMqJSBOSoaFMtCY,0.0,Deceiver of the Gods,52.0,https://p.scdn.co/mp3-preview/7b04a0fcdc3707fd8d11f0e9b75fa2e3fdda5f48?cid=3a5a7e73cd16469bb411957e65ce1d3d,1.0,track,spotify:track:7rb8JRuyMqJSBOSoaFMtCY
11,"{'album_type': 'ALBUM', 'artists': [{'external_urls': {'spotify': 'https://open.spotify.com/artist/5kUzPpkPyNpxRYd66c8nYG'}, 'href': 'https://api.spotify.com/v1/artists/5kUzPpkPyNpxRYd66c8nYG', 'id': '5kUzPpkPyNpxRYd66c8nYG', 'name': 'Mystic Prophecy', 'type': 'artist', 'uri': 'spotify:artist:5kUzPpkPyNpxRYd66c8nYG'}], 'available_markets': ['AD', 'AE', 'AR', 'AT', 'AU', 'BE', 'BG', 'BH', 'BO', 'BR', 'CA', 'CH', 'CL', 'CO', 'CR', 'CY', 'CZ', 'DE', 'DK', 'DO', 'DZ', 'EC', 'EE', 'EG', 'ES', 'FI', 'FR', 'GB', 'GR', 'GT', 'HK', 'HN', 'HU', 'ID', 'IE', 'IL', 'IN', 'IS', 'IT', 'JO', 'JP', 'KW', 'LB', 'LI', 'LT', 'LU', 'LV', 'MA', 'MC', 'MT', 'MX', 'MY', 'NI', 'NL', 'NO', 'NZ', 'OM', 'PA', 'PE', 'PH', 'PL', 'PS', 'PT', 'PY', 'QA', 'RO', 'SA', 'SE', 'SG', 'SK', 'SV', 'TH', 'TN', 'TR', 'TW', 'US', 'UY', 'VN', 'ZA'], 'external_urls': {'spotify': 'https://open.spotify.com/album/39TpYxmd8AwMLv94u4LsQn'}, 'href': 'https://api.spotify.com/v1/albums/39TpYxmd8AwMLv94u4LsQn', 'id': '39TpYxmd8AwMLv94u4LsQn', 'images': [{'height': 640, 'url': 'https://i.scdn.co/image/ab67616d0000b27341f051d6cfe18f9478318753', 'width': 640}, {'height': 300, 'url': 'https://i.scdn.co/image/ab67616d00001e0241f051d6cfe18f9478318753', 'width': 300}, {'height': 64, 'url': 'https://i.scdn.co/image/ab67616d0000485141f051d6cfe18f9478318753', 'width': 64}], 'name': 'Metal Division', 'release_date': '2020-01-10', 'release_date_precision': 'day', 'total_tracks': 0, 'type': 'album', 'uri': 'spotify:album:39TpYxmd8AwMLv94u4LsQn'}","[{'external_urls': {'spotify': 'https://open.spotify.com/artist/5kUzPpkPyNpxRYd66c8nYG'}, 'href': 'https://api.spotify.com/v1/artists/5kUzPpkPyNpxRYd66c8nYG', 'id': '5kUzPpkPyNpxRYd66c8nYG', 'name': 'Mystic Prophecy', 'type': 'artist', 'uri': 'spotify:artist:5kUzPpkPyNpxRYd66c8nYG'}]","['AD', 'AE', 'AR', 'AT', 'AU', 'BE', 'BG', 'BH', 'BO', 'BR', 'CA', 'CH', 'CL', 'CO', 'CR', 'CY', 'CZ', 'DE', 'DK', 'DO', 'DZ', 'EC', 'EE', 'EG', 'ES', 'FI', 'FR', 'GB', 'GR', 'GT', 'HK', 'HN', 'HU', 'ID', 'IE', 'IL', 'IN', 'IS', 'IT', 'JO', 'JP', 'KW', 'LB', 'LI', 'LT', 'LU', 'LV', 'MA', 'MC', 'MT', 'MX', 'MY', 'NI', 'NL', 'NO', 'NZ', 'OM', 'PA', 'PE', 'PH', 'PL', 'PS', 'PT', 'PY', 'QA', 'RO', 'SA', 'SE', 'SG', 'SK', 'SV', 'TH', 'TN', 'TR', 'TW', 'US', 'UY', 'VN', 'ZA']",1.0,209162.0,0.0,{'isrc': 'DEZ901901250'},{'spotify': 'https://open.spotify.com/track/6gLzNdmZtqmcuJfXRm44uL'},https://api.spotify.com/v1/tracks/6gLzNdmZtqmcuJfXRm44uL,6gLzNdmZtqmcuJfXRm44uL,0.0,Metal Division,35.0,https://p.scdn.co/mp3-preview/a57e82ec4a2edfeab0ab1ad625010d090364e643?cid=3a5a7e73cd16469bb411957e65ce1d3d,1.0,track,spotify:track:6gLzNdmZtqmcuJfXRm44uL
12,"{'album_type': 'ALBUM', 'artists': [{'external_urls': {'spotify': 'https://open.spotify.com/artist/58P2qDnyWpUDoiCtfHvLTL'}, 'href': 'https://api.spotify.com/v1/artists/58P2qDnyWpUDoiCtfHvLTL', 'id': '58P2qDnyWpUDoiCtfHvLTL', 'name': 'Bound in Fear', 'type': 'artist', 'uri': 'spotify:artist:58P2qDnyWpUDoiCtfHvLTL'}], 'available_markets': ['AD', 'AE', 'AR', 'AT', 'AU', 'BE', 'BG', 'BH', 'BO', 'BR', 'CA', 'CH', 'CL', 'CO', 'CR', 'CY', 'CZ', 'DE', 'DK', 'DO', 'DZ', 'EC', 'EE', 'EG', 'ES', 'FI', 'FR', 'GB', 'GR', 'GT', 'HK', 'HN', 'HU', 'ID', 'IE', 'IL', 'IN', 'IS', 'IT', 'JO', 'JP', 'KW', 'LB', 'LI', 'LT', 'LU', 'LV', 'MA', 'MC', 'MT', 'MX', 'MY', 'NI', 'NL', 'NO', 'NZ', 'OM', 'PA', 'PE', 'PH', 'PL', 'PS', 'PT', 'PY', 'QA', 'RO', 'SA', 'SE', 'SG', 'SK', 'SV', 'TH', 'TN', 'TR', 'TW', 'US', 'UY', 'VN', 'ZA'], 'external_urls': {'spotify': 'https://open.spotify.com/album/40enXBgKJvinOAvduaD0n6'}, 'href': 'https://api.spotify.com/v1/albums/40enXBgKJvinOAvduaD0n6', 'id': '40enXBgKJvinOAvduaD0n6', 'images': [{'height': 640, 'url': 'https://i.scdn.co/image/ab67616d0000b27386ee73244c78ed1ca1f723cb', 'width': 640}, {'height': 300, 'url': 'https://i.scdn.co/image/ab67616d00001e0286ee73244c78ed1ca1f723cb', 'width': 300}, {'height': 64, 'url': 'https://i.scdn.co/image/ab67616d0000485186ee73244c78ed1ca1f723cb', 'width': 64}], 'name': 'The Hand of Violence', 'release_date': '2019-08-16', 'release_date_precision': 'day', 'total_tracks': 0, 'type': 'album', 'uri': 'spotify:album:40enXBgKJvinOAvduaD0n6'}","[{'external_urls': {'spotify': 'https://open.spotify.com/artist/58P2qDnyWpUDoiCtfHvLTL'}, 'href': 'https://api.spotify.com/v1/artists/58P2qDnyWpUDoiCtfHvLTL', 'id': '58P2qDnyWpUDoiCtfHvLTL', 'name': 'Bound in Fear', 'type': 'artist', 'uri': 'spotify:artist:58P2qDnyWpUDoiCtfHvLTL'}, {'external_urls': {'spotify': 'https://open.spotify.com/artist/6BOFplMWu1WytZSucgGHVf'}, 'href': 'https://api.spotify.com/v1/artists/6BOFplMWu1WytZSucgGHVf', 'id': '6BOFplMWu1WytZSucgGHVf', 'name': 'Alex Teyen', 'type': 'artist', 'uri': 'spotify:artist:6BOFplMWu1WytZSucgGHVf'}]","['AD', 'AE', 'AR', 'AT', 'AU', 'BE', 'BG', 'BH', 'BO', 'BR', 'CA', 'CH', 'CL', 'CO', 'CR', 'CY', 'CZ', 'DE', 'DK', 'DO', 'DZ', 'EC', 'EE', 'EG', 'ES', 'FI', 'FR', 'GB', 'GR', 'GT', 'HK', 'HN', 'HU', 'ID', 'IE', 'IL', 'IN', 'IS', 'IT', 'JO', 'JP', 'KW', 'LB', 'LI', 'LT', 'LU', 'LV', 'MA', 'MC', 'MT', 'MX', 'MY', 'NI', 'NL', 'NO', 'NZ', 'OM', 'PA', 'PE', 'PH', 'PL', 'PS', 'PT', 'PY', 'QA', 'RO', 'SA', 'SE', 'SG', 'SK', 'SV', 'TH', 'TN', 'TR', 'TW', 'US', 'UY', 'VN', 'ZA']",1.0,308672.0,1.0,{'isrc': 'QM6MZ1980166'},{'spotify': 'https://open.spotify.com/track/4OlwC0CtZgAHeD7DArOLy4'},https://api.spotify.com/v1/tracks/4OlwC0CtZgAHeD7DArOLy4,4OlwC0CtZgAHeD7DArOLy4,0.0,The Rot Within,31.0,https://p.scdn.co/mp3-preview/e0b18164773e1ff9cb357cde1e65a06d81e77369?cid=3a5a7e73cd16469bb411957e65ce1d3d,2.0,track,spotify:track:4OlwC0CtZgAHeD7DArOLy4
13,"{'album_type': 'ALBUM', 'artists': [{'external_urls': {'spotify': 'https://open.spotify.com/artist/4aOJwHpU6TcuhC4QKNn8MS'}, 'href': 'https://api.spotify.com/v1/artists/4aOJwHpU6TcuhC4QKNn8MS', 'id': '4aOJwHpU6TcuhC4QKNn8MS', 'name': 'Destrage', 'type': 'artist', 'uri': 'spotify:artist:4aOJwHpU6TcuhC4QKNn8MS'}], 'available_markets': ['AD', 'AE', 'AR', 'AT', 'AU', 'BE', 'BG', 'BH', 'BO', 'BR', 'CA', 'CH', 'CL', 'CO', 'CR', 'CY', 'CZ', 'DE', 'DK', 'DO', 'DZ', 'EC', 'EE', 'EG', 'ES', 'FI', 'FR', 'GB', 'GR', 'GT', 'HK', 'HN', 'HU', 'ID', 'IE', 'IL', 'IN', 'IS', 'IT', 'JO', 'JP', 'KW', 'LB', 'LI', 'LT', 'LU', 'LV', 'MA', 'MC', 'MT', 'MX', 'MY', 'NI', 'NL', 'NO', 'NZ', 'OM', 'PA', 'PE', 'PH', 'PL', 'PS', 'PT', 'PY', 'QA', 'RO', 'SA', 'SE', 'SG', 'SK', 'SV', 'TH', 'TN', 'TR', 'TW', 'US', 'UY', 'VN', 'ZA'], 'external_urls': {'spotify': 'https://open.spotify.com/album/5ZnVNr9q2jL5x1tPV6Osnl'}, 'href': 'https://api.spotify.com/v1/albums/5ZnVNr9q2jL5x1tPV6Osnl', 'id': '5ZnVNr9q2jL5x1tPV6Osnl', 'images': [{'height': 640, 'url': 'https://i.scdn.co/image/ab67616d0000b27301def2388b8bba5863854d01', 'width': 640}, {'height': 300, 'url': 'https://i.scdn.co/image/ab67616d00001e0201def2388b8bba5863854d01', 'width': 300}, {'height': 64, 'url': 'https://i.scdn.co/image/ab67616d0000485101def2388b8bba5863854d01', 'width': 64}], 'name': 'The Chosen One', 'release_date': '2019-05-24', 'release_date_precision': 'day', 'total_tracks': 0, 'type': 'album', 'uri': 'spotify:album:5ZnVNr9q2jL5x1tPV6Osnl'}","[{'external_urls': {'spotify': 'https://open.spotify.com/artist/4aOJwHpU6TcuhC4QKNn8MS'}, 'href': 'https://api.spotify.com/v1/artists/4aOJwHpU6TcuhC4QKNn8MS', 'id': '4aOJwHpU6TcuhC4QKNn8MS', 'name': 'Destrage', 'type': 'artist', 'uri': 'spotify:artist:4aOJwHpU6TcuhC4QKNn8MS'}]","['AD', 'AE', 'AR', 'AT', 'AU', 'BE', 'BG', 'BH', 'BO', 'BR', 'CA', 'CH', 'CL', 'CO', 'CR', 'CY', 'CZ', 'DE', 'DK', 'DO', 'DZ', 'EC', 'EE', 'EG', 'ES', 'FI', 'FR', 'GB', 'GR', 'GT', 'HK', 'HN', 'HU', 'ID', 'IE', 'IL', 'IN', 'IS', 'IT', 'JO', 'JP', 'KW', 'LB', 'LI', 'LT', 'LU', 'LV', 'MA', 'MC', 'MT', 'MX', 'MY', 'NI', 'NL', 'NO', 'NZ', 'OM', 'PA', 'PE', 'PH', 'PL', 'PS', 'PT', 'PY', 'QA', 'RO', 'SA', 'SE', 'SG', 'SK', 'SV', 'TH', 'TN', 'TR', 'TW', 'US', 'UY', 'VN', 'ZA']",1.0,204264.0,0.0,{'isrc': 'USMBR1913498'},{'spotify': 'https://open.spotify.com/track/7LWCtm5QnuqNvsmN9AYZC6'},https://api.spotify.com/v1/tracks/7LWCtm5QnuqNvsmN9AYZC6,7LWCtm5QnuqNvsmN9AYZC6,0.0,The Chosen One,30.0,https://p.scdn.co/mp3-preview/5989079e5ecd5f56cf609f20e875eeed388aa72a?cid=3a5a7e73cd16469bb411957e65ce1d3d,1.0,track,spotify:track:7LWCtm5QnuqNvsmN9AYZC6
14,"{'album_type': 'ALBUM', 'artists': [{'external_urls': {'spotify': 'https://open.spotify.com/artist/3YQOcYukzO6U1MjFcavDUE'}, 'href': 'https://api.spotify.com/v1/artists/3YQOcYukzO6U1MjFcavDUE', 'id': '3YQOcYukzO6U1MjFcavDUE', 'name': 'Anciients', 'type': 'artist', 'uri': 'spotify:artist:3YQOcYukzO6U1MjFcavDUE'}], 'available_markets': ['AD', 'AE', 'AR', 'AT', 'AU', 'BE', 'BG', 'BH', 'BO', 'BR', 'CA', 'CH', 'CL', 'CO', 'CR', 'CY', 'CZ', 'DE', 'DK', 'DO', 'DZ', 'EC', 'EE', 'EG', 'ES', 'FI', 'FR', 'GB', 'GR', 'GT', 'HK', 'HN', 'HU', 'ID', 'IE', 'IL', 'IN', 'IS', 'IT', 'JO', 'JP', 'KW', 'LB', 'LI', 'LT', 'LU', 'LV', 'MA', 'MC', 'MT', 'MX', 'MY', 'NI', 'NL', 'NO', 'NZ', 'OM', 'PA', 'PE', 'PH', 'PL', 'PS', 'PT', 'PY', 'QA', 'RO', 'SA', 'SE', 'SG', 'SK', 'SV', 'TH', 'TN', 'TR', 'TW', 'US', 'UY', 'VN', 'ZA'], 'external_urls': {'spotify': 'https://open.spotify.com/album/12xsvrBxKYiC7QrGA3B4Tq'}, 'href': 'https://api.spotify.com/v1/albums/12xsvrBxKYiC7QrGA3B4Tq', 'id': '12xsvrBxKYiC7QrGA3B4Tq', 'images': [{'height': 640, 'url': 'https://i.scdn.co/image/ab67616d0000b273e91fa7bb28d46b4433854fe8', 'width': 640}, {'height': 300, 'url': 'https://i.scdn.co/image/ab67616d00001e02e91fa7bb28d46b4433854fe8', 'width': 300}, {'height': 64, 'url': 'https://i.scdn.co/image/ab67616d00004851e91fa7bb28d46b4433854fe8', 'width': 64}], 'name': 'Heart of Oak (Deluxe Edition)', 'release_date': '2013-04-16', 'release_date_precision': 'day', 'total_tracks': 0, 'type': 'album', 'uri': 'spotify:album:12xsvrBxKYiC7QrGA3B4Tq'}","[{'external_urls': {'spotify': 'https://open.spotify.com/artist/3YQOcYukzO6U1MjFcavDUE'}, 'href': 'https://api.spotify.com/v1/artists/3YQOcYukzO6U1MjFcavDUE', 'id': '3YQOcYukzO6U1MjFcavDUE', 'name': 'Anciients', 'type': 'artist', 'uri': 'spotify:artist:3YQOcYukzO6U1MjFcavDUE'}]","['AD', 'AE', 'AR', 'AT', 'AU', 'BE', 'BG', 'BH', 'BO', 'BR', 'CA', 'CH', 'CL', 'CO', 'CR', 'CY', 'CZ', 'DE', 'DK', 'DO', 'DZ', 'EC', 'EE', 'EG', 'ES', 'FI', 'FR', 'GB', 'GR', 'GT', 'HK', 'HN', 'HU', 'ID', 'IE', 'IL', 'IN', 'IS', 'IT', 'JO', 'JP', 'KW', 'LB', 'LI', 'LT', 'LU', 'LV', 'MA', 'MC', 'MT', 'MX', 'MY', 'NI', 'NL', 'NO', 'NZ', 'OM', 'PA', 'PE', 'PH', 'PL', 'PS', 'PT', 'PY', 'QA', 'RO', 'SA', 'SE', 'SG', 'SK', 'SV', 'TH', 'TN', 'TR', 'TW', 'US', 'UY', 'VN', 'ZA']",1.0,393173.0,0.0,{'isrc': 'FR33T1325001'},{'spotify': 'https://open.spotify.com/track/0zKrZlg5LJeue1F02taTZG'},https://api.spotify.com/v1/tracks/0zKrZlg5LJeue1F02taTZG,0zKrZlg5LJeue1F02taTZG,0.0,Raise the Sun,31.0,https://p.scdn.co/mp3-preview/68512109cba8f04c0bf2c56d70b8bd1202db810b?cid=3a5a7e73cd16469bb411957e65ce1d3d,1.0,track,spotify:track:0zKrZlg5LJeue1F02taTZG
15,"{'album_type': 'ALBUM', 'artists': [{'external_urls': {'spotify': 'https://open.spotify.com/artist/3WPKDlucMsXH6FC1XaclZC'}, 'href': 'https://api.spotify.com/v1/artists/3WPKDlucMsXH6FC1XaclZC', 'id': '3WPKDlucMsXH6FC1XaclZC', 'name': 'Suicidal Tendencies', 'type': 'artist', 'uri': 'spotify:artist:3WPKDlucMsXH6FC1XaclZC'}], 'available_markets': ['AD', 'AE', 'AR', 'AT', 'AU', 'BE', 'BG', 'BH', 'BO', 'BR', 'CA', 'CH', 'CL', 'CO', 'CR', 'CY', 'CZ', 'DE', 'DK', 'DO', 'DZ', 'EC', 'EE', 'EG', 'ES', 'FI', 'FR', 'GB', 'GR', 'GT', 'HK', 'HN', 'HU', 'ID', 'IE', 'IL', 'IN', 'IS', 'IT', 'JO', 'JP', 'KW', 'LB', 'LI', 'LT', 'LU', 'LV', 'MA', 'MC', 'MT', 'MX', 'MY', 'NI', 'NL', 'NO', 'NZ', 'OM', 'PA', 'PE', 'PH', 'PL', 'PS', 'PT', 'PY', 'QA', 'RO', 'SA', 'SE', 'SG', 'SK', 'SV', 'TH', 'TN', 'TR', 'TW', 'US', 'UY', 'VN', 'ZA'], 'external_urls': {'spotify': 'https://open.spotify.com/album/4hLSbWJ8HL8MUfIwrTP2EO'}, 'href': 'https://api.spotify.com/v1/albums/4hLSbWJ8HL8MUfIwrTP2EO', 'id': '4hLSbWJ8HL8MUfIwrTP2EO', 'images': [{'height': 640, 'url': 'https://i.scdn.co/image/ab67616d0000b273ff66248fdc73fb872acf7087', 'width': 640}, {'height': 300, 'url': 'https://i.scdn.co/image/ab67616d00001e02ff66248fdc73fb872acf7087', 'width': 300}, {'height': 64, 'url': 'https://i.scdn.co/image/ab67616d00004851ff66248fdc73fb872acf7087', 'width': 64}], 'name': 'Suicidal Tendencies', 'release_date': '1983', 'release_date_precision': 'year', 'total_tracks': 0, 'type': 'album', 'uri': 'spotify:album:4hLSbWJ8HL8MUfIwrTP2EO'}","[{'external_urls': {'spotify': 'https://open.spotify.com/artist/3WPKDlucMsXH6FC1XaclZC'}, 'href': 'https://api.spotify.com/v1/artists/3WPKDlucMsXH6FC1XaclZC', 'id': '3WPKDlucMsXH6FC1XaclZC', 'name': 'Suicidal Tendencies', 'type': 'artist', 'uri': 'spotify:artist:3WPKDlucMsXH6FC1XaclZC'}]","['AD', 'AE', 'AR', 'AT', 'AU', 'BE', 'BG', 'BH', 'BO', 'BR', 'CA', 'CH', 'CL', 'CO', 'CR', 'CY', 'CZ', 'DE', 'DK', 'DO', 'DZ', 'EC', 'EE', 'EG', 'ES', 'FI', 'FR', 'GB', 'GR', 'GT', 'HK', 'HN', 'HU', 'ID', 'IE', 'IL', 'IN', 'IS', 'IT', 'JO', 'JP', 'KW', 'LB', 'LI', 'LT', 'LU', 'LV', 'MA', 'MC', 'MT', 'MX', 'MY', 'NI', 'NL', 'NO', 'NZ', 'OM', 'PA', 'PE', 'PH', 'PL', 'PS', 'PT', 'PY', 'QA', 'RO', 'SA', 'SE', 'SG', 'SK', 'SV', 'TH', 'TN', 'TR', 'TW', 'US', 'UY', 'VN', 'ZA']",1.0,188133.0,0.0,{'isrc': 'USA6P0800019'},{'spotify': 'https://open.spotify.com/track/2zeAo1ddhjm1TioD77dDSV'},https://api.spotify.com/v1/tracks/2zeAo1ddhjm1TioD77dDSV,2zeAo1ddhjm1TioD77dDSV,0.0,Subliminal,51.0,https://p.scdn.co/mp3-preview/9753f692e79679985907d0bfe66b2c0e37e9a6d7?cid=3a5a7e73cd16469bb411957e65ce1d3d,4.0,track,spotify:track:2zeAo1ddhjm1TioD77dDSV
16,"{'album_type': 'ALBUM', 'artists': [{'external_urls': {'spotify': 'https://open.spotify.com/artist/59YfPxuxGghrdPumu6aFKI'}, 'href': 'https://api.spotify.com/v1/artists/59YfPxuxGghrdPumu6aFKI', 'id': '59YfPxuxGghrdPumu6aFKI', 'name': 'Goatwhore', 'type': 'artist', 'uri': 'spotify:artist:59YfPxuxGghrdPumu6aFKI'}], 'available_markets': ['AD', 'AE', 'AR', 'AT', 'AU', 'BE', 'BG', 'BH', 'BO', 'BR', 'CA', 'CH', 'CL', 'CO', 'CR', 'CY', 'CZ', 'DE', 'DK', 'DO', 'DZ', 'EC', 'EE', 'EG', 'ES', 'FI', 'FR', 'GB', 'GR', 'GT', 'HK', 'HN', 'HU', 'ID', 'IE', 'IL', 'IN', 'IS', 'IT', 'JO', 'JP', 'KW', 'LB', 'LI', 'LT', 'LU', 'LV', 'MA', 'MC', 'MT', 'MX', 'MY', 'NI', 'NL', 'NO', 'NZ', 'OM', 'PA', 'PE', 'PH', 'PL', 'PS', 'PT', 'PY', 'QA', 'RO', 'SA', 'SE', 'SG', 'SK', 'SV', 'TH', 'TN', 'TR', 'TW', 'US', 'UY', 'VN', 'ZA'], 'external_urls': {'spotify': 'https://open.spotify.com/album/4Kglmg3t9JzLfF2WEwDF3d'}, 'href': 'https://api.spotify.com/v1/albums/4Kglmg3t9JzLfF2WEwDF3d', 'id': '4Kglmg3t9JzLfF2WEwDF3d', 'images': [{'height': 640, 'url': 'https://i.scdn.co/image/ab67616d0000b2737466bb838ff27a6b48c12638', 'width': 640}, {'height': 300, 'url': 'https://i.scdn.co/image/ab67616d00001e027466bb838ff27a6b48c12638', 'width': 300}, {'height': 64, 'url': 'https://i.scdn.co/image/ab67616d000048517466bb838ff27a6b48c12638', 'width': 64}], 'name': 'Carving Out The Eyes Of God', 'release_date': '2009-06-23', 'release_date_precision': 'day', 'total_tracks': 0, 'type': 'album', 'uri': 'spotify:album:4Kglmg3t9JzLfF2WEwDF3d'}","[{'external_urls': {'spotify': 'https://open.spotify.com/artist/59YfPxuxGghrdPumu6aFKI'}, 'href': 'https://api.spotify.com/v1/artists/59YfPxuxGghrdPumu6aFKI', 'id': '59YfPxuxGghrdPumu6aFKI', 'name': 'Goatwhore', 'type': 'artist', 'uri': 'spotify:artist:59YfPxuxGghrdPumu6aFKI'}]","['AD', 'AE', 'AR', 'AT', 'AU', 'BE', 'BG', 'BH', 'BO', 'BR', 'CA', 'CH', 'CL', 'CO', 'CR', 'CY', 'CZ', 'DE', 'DK', 'DO', 'DZ', 'EC', 'EE', 'EG', 'ES', 'FI', 'FR', 'GB', 'GR', 'GT', 'HK', 'HN', 'HU', 'ID', 'IE', 'IL', 'IN', 'IS', 'IT', 'JO', 'JP', 'KW', 'LB', 'LI', 'LT', 'LU', 'LV', 'MA', 'MC', 'MT', 'MX', 'MY', 'NI', 'NL', 'NO', 'NZ', 'OM', 'PA', 'PE', 'PH', 'PL', 'PS', 'PT', 'PY', 'QA', 'RO', 'SA', 'SE', 'SG', 'SK', 'SV', 'TH', 'TN', 'TR', 'TW', 'US', 'UY', 'VN', 'ZA']",1.0,196053.0,0.0,{'isrc': 'USMBR0906586'},{'spotify': 'https://open.spotify.com/track/4Tv4X669iTNi4NkFzjerDT'},https://api.spotify.com/v1/tracks/4Tv4X669iTNi4NkFzjerDT,4Tv4X669iTNi4NkFzjerDT,0.0,Apocalyptic Havoc,34.0,https://p.scdn.co/mp3-preview/140cae33a8deac36d1c7ea0b621d18ec63154367?cid=3a5a7e73cd16469bb411957e65ce1d3d,1.0,track,spotify:track:4Tv4X669iTNi4NkFzjerDT
17,"{'album_type': 'ALBUM', 'artists': [{'external_urls': {'spotify': 'https://open.spotify.com/artist/0yLwGBQiBqhXOvmTfH2A7n'}, 'href': 'https://api.spotify.com/v1/artists/0yLwGBQiBqhXOvmTfH2A7n', 'id': '0yLwGBQiBqhXOvmTfH2A7n', 'name': 'Cannibal Corpse', 'type': 'artist', 'uri': 'spotify:artist:0yLwGBQiBqhXOvmTfH2A7n'}], 'available_markets': ['AD', 'AE', 'AR', 'AT', 'AU', 'BE', 'BG', 'BH', 'BO', 'BR', 'CA', 'CH', 'CL', 'CO', 'CR', 'CY', 'CZ', 'DE', 'DK', 'DO', 'DZ', 'EC', 'EE', 'EG', 'ES', 'FI', 'FR', 'GB', 'GR', 'GT', 'HK', 'HN', 'HU', 'ID', 'IE', 'IL', 'IN', 'IS', 'IT', 'JO', 'JP', 'KW', 'LB', 'LI', 'LT', 'LU', 'LV', 'MA', 'MC', 'MT', 'MX', 'MY', 'NI', 'NL', 'NO', 'NZ', 'OM', 'PA', 'PE', 'PH', 'PL', 'PS', 'PT', 'PY', 'QA', 'RO', 'SA', 'SE', 'SG', 'SK', 'SV', 'TH', 'TN', 'TR', 'TW', 'US', 'UY', 'VN', 'ZA'], 'external_urls': {'spotify': 'https://open.spotify.com/album/3Am2ExqPJjrw51AU2HRJSF'}, 'href': 'https://api.spotify.com/v1/albums/3Am2ExqPJjrw51AU2HRJSF', 'id': '3Am2ExqPJjrw51AU2HRJSF', 'images': [{'height': 640, 'url': 'https://i.scdn.co/image/ab67616d0000b273898682ca3585a746e501fce3', 'width': 640}, {'height': 300, 'url': 'https://i.scdn.co/image/ab67616d00001e02898682ca3585a746e501fce3', 'width': 300}, {'height': 64, 'url': 'https://i.scdn.co/image/ab67616d00004851898682ca3585a746e501fce3', 'width': 64}], 'name': 'A Skeletal Domain', 'release_date': '2014-09-16', 'release_date_precision': 'day', 'total_tracks': 0, 'type': 'album', 'uri': 'spotify:album:3Am2ExqPJjrw51AU2HRJSF'}","[{'external_urls': {'spotify': 'https://open.spotify.com/artist/0yLwGBQiBqhXOvmTfH2A7n'}, 'href': 'https://api.spotify.com/v1/artists/0yLwGBQiBqhXOvmTfH2A7n', 'id': '0yLwGBQiBqhXOvmTfH2A7n', 'name': 'Cannibal Corpse', 'type': 'artist', 'uri': 'spotify:artist:0yLwGBQiBqhXOvmTfH2A7n'}]","['AD', 'AE', 'AR', 'AT', 'AU', 'BE', 'BG', 'BH', 'BO', 'BR', 'CA', 'CH', 'CL', 'CO', 'CR', 'CY', 'CZ', 'DE', 'DK', 'DO', 'DZ', 'EC', 'EE', 'EG', 'ES', 'FI', 'FR', 'GB', 'GR', 'GT', 'HK', 'HN', 'HU', 'ID', 'IE', 'IL', 'IN', 'IS', 'IT', 'JO', 'JP', 'KW', 'LB', 'LI', 'LT', 'LU', 'LV', 'MA', 'MC', 'MT', 'MX', 'MY', 'NI', 'NL', 'NO', 'NZ', 'OM', 'PA', 'PE', 'PH', 'PL', 'PS', 'PT', 'PY', 'QA', 'RO', 'SA', 'SE', 'SG', 'SK', 'SV', 'TH', 'TN', 'TR', 'TW', 'US', 'UY', 'VN', 'ZA']",1.0,230666.0,0.0,{'isrc': 'USMBR1410758'},{'spotify': 'https://open.spotify.com/track/3kBV6iIyeT5SCvGcVyg4pJ'},https://api.spotify.com/v1/tracks/3kBV6iIyeT5SCvGcVyg4pJ,3kBV6iIyeT5SCvGcVyg4pJ,0.0,Kill or Become,41.0,https://p.scdn.co/mp3-preview/333c13fe8013e834c88b092bf090d15fabce880e?cid=3a5a7e73cd16469bb411957e65ce1d3d,3.0,track,spotify:track:3kBV6iIyeT5SCvGcVyg4pJ
18,"{'album_type': 'ALBUM', 'artists': [{'external_urls': {'spotify': 'https://open.spotify.com/artist/4ItRDIouodpnW6nm4TYDk1'}, 'href': 'https://api.spotify.com/v1/artists/4ItRDIouodpnW6nm4TYDk1', 'id': '4ItRDIouodpnW6nm4TYDk1', 'name': 'Suffocation', 'type': 'artist', 'uri': 'spotify:artist:4ItRDIouodpnW6nm4TYDk1'}], 'available_markets': ['AD', 'AE', 'AR', 'AT', 'AU', 'BE', 'BG', 'BH', 'BO', 'BR', 'CA', 'CH', 'CL', 'CO', 'CR', 'CY', 'CZ', 'DE', 'DK', 'DO', 'DZ', 'EC', 'EE', 'EG', 'ES', 'FI', 'FR', 'GB', 'GR', 'GT', 'HK', 'HN', 'HU', 'ID', 'IE', 'IL', 'IN', 'IS', 'IT', 'JO', 'JP', 'KW', 'LB', 'LI', 'LT', 'LU', 'LV', 'MA', 'MC', 'MT', 'MX', 'MY', 'NI', 'NL', 'NO', 'NZ', 'OM', 'PA', 'PE', 'PH', 'PL', 'PS', 'PT', 'PY', 'QA', 'RO', 'SA', 'SE', 'SG', 'SK', 'SV', 'TH', 'TN', 'TR', 'TW', 'US', 'UY', 'VN', 'ZA'], 'external_urls': {'spotify': 'https://open.spotify.com/album/1J7eevhe1aXP45NkpPgl7b'}, 'href': 'https://api.spotify.com/v1/albums/1J7eevhe1aXP45NkpPgl7b', 'id': '1J7eevhe1aXP45NkpPgl7b', 'images': [{'height': 640, 'url': 'https://i.scdn.co/image/ab67616d0000b27358be56c0f5438177337fb3ca', 'width': 640}, {'height': 300, 'url': 'https://i.scdn.co/image/ab67616d00001e0258be56c0f5438177337fb3ca', 'width': 300}, {'height': 64, 'url': 'https://i.scdn.co/image/ab67616d0000485158be56c0f5438177337fb3ca', 'width': 64}], 'name': 'Effigy of the Forgotten', 'release_date': '1991-10-07', 'release_date_precision': 'day', 'total_tracks': 0, 'type': 'album', 'uri': 'spotify:album:1J7eevhe1aXP45NkpPgl7b'}","[{'external_urls': {'spotify': 'https://open.spotify.com/artist/4ItRDIouodpnW6nm4TYDk1'}, 'href': 'https://api.spotify.com/v1/artists/4ItRDIouodpnW6nm4TYDk1', 'id': '4ItRDIouodpnW6nm4TYDk1', 'name': 'Suffocation', 'type': 'artist', 'uri': 'spotify:artist:4ItRDIouodpnW6nm4TYDk1'}]","['AD', 'AE', 'AR', 'AT', 'AU', 'BE', 'BG', 'BH', 'BO', 'BR', 'CA', 'CH', 'CL', 'CO', 'CR', 'CY', 'CZ', 'DE', 'DK', 'DO', 'DZ', 'EC', 'EE', 'EG', 'ES', 'FI', 'FR', 'GB', 'GR', 'GT', 'HK', 'HN', 'HU', 'ID', 'IE', 'IL', 'IN', 'IS', 'IT', 'JO', 'JP', 'KW', 'LB', 'LI', 'LT', 'LU', 'LV', 'MA', 'MC', 'MT', 'MX', 'MY', 'NI', 'NL', 'NO', 'NZ', 'OM', 'PA', 'PE', 'PH', 'PL', 'PS', 'PT', 'PY', 'QA', 'RO', 'SA', 'SE', 'SG', 'SK', 'SV', 'TH', 'TN', 'TR', 'TW', 'US', 'UY', 'VN', 'ZA']",1.0,289440.0,0.0,{'isrc': 'NLA329780402'},{'spotify': 'https://open.spotify.com/track/0rBMYJyYoQIX6ehQA3oTaM'},https://api.spotify.com/v1/tracks/0rBMYJyYoQIX6ehQA3oTaM,0rBMYJyYoQIX6ehQA3oTaM,0.0,Infecting the Crypts,33.0,https://p.scdn.co/mp3-preview/c9ed7b0760f07bb05310d8ce5213d81eb3f4edac?cid=3a5a7e73cd16469bb411957e65ce1d3d,3.0,track,spotify:track:0rBMYJyYoQIX6ehQA3oTaM
19,"{'album_type': 'ALBUM', 'artists': [{'external_urls': {'spotify': 'https://open.spotify.com/artist/4tDkeVxH0CSkNiLVrsYmQs'}, 'href': 'https://api.spotify.com/v1/artists/4tDkeVxH0CSkNiLVrsYmQs', 'id': '4tDkeVxH0CSkNiLVrsYmQs', 'name': 'The Acacia Strain', 'type': 'artist', 'uri': 'spotify:artist:4tDkeVxH0CSkNiLVrsYmQs'}], 'available_markets': ['AD', 'AE', 'AR', 'AT', 'AU', 'BE', 'BG', 'BH', 'BO', 'BR', 'CA', 'CH', 'CL', 'CO', 'CR', 'CY', 'CZ', 'DE', 'DK', 'DO', 'DZ', 'EC', 'EE', 'EG', 'ES', 'FI', 'FR', 'GB', 'GR', 'GT', 'HK', 'HN', 'HU', 'ID', 'IE', 'IL', 'IN', 'IS', 'IT', 'JO', 'JP', 'KW', 'LB', 'LI', 'LT', 'LU', 'LV', 'MA', 'MC', 'MT', 'MX', 'MY', 'NI', 'NL', 'NO', 'NZ', 'OM', 'PA', 'PE', 'PH', 'PL', 'PS', 'PT', 'PY', 'QA', 'RO', 'SA', 'SE', 'SG', 'SK', 'SV', 'TH', 'TN', 'TR', 'TW', 'US', 'UY', 'VN', 'ZA'], 'external_urls': {'spotify': 'https://open.spotify.com/album/5pZD06jMRqNicKO4AlcK06'}, 'href': 'https://api.spotify.com/v1/albums/5pZD06jMRqNicKO4AlcK06', 'id': '5pZD06jMRqNicKO4AlcK06', 'images': [{'height': 640, 'url': 'https://i.scdn.co/image/ab67616d0000b273e0ad030aeb55b48dd2c34e7e', 'width': 640}, {'height': 300, 'url': 'https://i.scdn.co/image/ab67616d00001e02e0ad030aeb55b48dd2c34e7e', 'width': 300}, {'height': 64, 'url': 'https://i.scdn.co/image/ab67616d00004851e0ad030aeb55b48dd2c34e7e', 'width': 64}], 'name': 'Wormwood', 'release_date': '2010-07-20', 'release_date_precision': 'day', 'total_tracks': 0, 'type': 'album', 'uri': 'spotify:album:5pZD06jMRqNicKO4AlcK06'}","[{'external_urls': {'spotify': 'https://open.spotify.com/artist/4tDkeVxH0CSkNiLVrsYmQs'}, 'href': 'https://api.spotify.com/v1/artists/4tDkeVxH0CSkNiLVrsYmQs', 'id': '4tDkeVxH0CSkNiLVrsYmQs', 'name': 'The Acacia Strain', 'type': 'artist', 'uri': 'spotify:artist:4tDkeVxH0CSkNiLVrsYmQs'}]","['AD', 'AE', 'AR', 'AT', 'AU', 'BE', 'BG', 'BH', 'BO', 'BR', 'CA', 'CH', 'CL', 'CO', 'CR', 'CY', 'CZ', 'DE', 'DK', 'DO', 'DZ', 'EC', 'EE', 'EG', 'ES', 'FI', 'FR', 'GB', 'GR', 'GT', 'HK', 'HN', 'HU', 'ID', 'IE', 'IL', 'IN', 'IS', 'IT', 'JO', 'JP', 'KW', 'LB', 'LI', 'LT', 'LU', 'LV', 'MA', 'MC', 'MT', 'MX', 'MY', 'NI', 'NL', 'NO', 'NZ', 'OM', 'PA', 'PE', 'PH', 'PL', 'PS', 'PT', 'PY', 'QA', 'RO', 'SA', 'SE', 'SG', 'SK', 'SV', 'TH', 'TN', 'TR', 'TW', 'US', 'UY', 'VN', 'ZA']",1.0,243760.0,0.0,{'isrc': 'USERN1000645'},{'spotify': 'https://open.spotify.com/track/4jnojrVy7uX8Ejz2QmJfVk'},https://api.spotify.com/v1/tracks/4jnojrVy7uX8Ejz2QmJfVk,4jnojrVy7uX8Ejz2QmJfVk,0.0,Beast,46.0,https://p.scdn.co/mp3-preview/f7ad4a26a28ec0a70f35e2cc795a98c73272ca63?cid=3a5a7e73cd16469bb411957e65ce1d3d,1.0,track,spotify:track:4jnojrVy7uX8Ejz2QmJfVk
